Glyma.07G178600.8	-	-	-	-	-	-	-	-	-	-	-	-	-	-	-	-	-	-	-	-	-	-	-	-	-	-	-	-	-	-	-	-	-	-	-	-	-	-	-	M	-	-	-	-	-	-	-	-	-	-	D	R	S	A	-	M	T	-	V	G	P	-	G	M	D	M	P	-	-	I	M	H	D	S	D	K	Y	E	L	V	R	D	I	G	S	G	N	F	G	V	A	R	L	M	R	D	K	H	T	E	E	L	V	A	V	K	Y	I	E	R	G	D	K	-	I	D	E	N	V	R	R	E	I	I	N	H	R	S	L	R	H	P	N	I	V	R	F	K	E	I	-	-	-	-	-	-	I	L	T	P	T	H	L	A	I	V	M	E	Y	A	S	G	G	E	L	F	E	R	I	C	N	A	G	R	F	S	E	D	E	A	R	F	F	F	Q	Q	L	I	S	G	V	S	Y	C	H	A	M	Q	V	C	H	R	D	L	K	L	E	N	T	L	L	D	G	S	P	A	P	R	L	K	I	C	D	F	G	Y	S	K	-	-	-	-	-	-	-	S	S	V	L	H	S	Q	P	K	S	T	V	G	T	P	A	Y	I	A	P	E	V	L	L	K	K	E	Y	D	G	K	-	-	-	-	-	-	-	-	-	-	-	-	-	-	I	A	D	V	W	S	C	G	V	T	L	Y	V	M	L	V	G	A	Y	P	F	E	D	P	E	E	P	K	N	F	R	K	T	I	H	R	I	L	K	V	Q	Y	S	I	P	D	Y	V	H	I	S	S	E	C	R	H	L	I	S	R	I	F	V	A	D	P	A	Q	L	K	F	I	G	N	Y	N	-	-	-	-	-	-	-	-	-	-	-	-	-	-	-	-	-	-	-	-	-	A	Q	F	Q	-	-	-	-	G	M	L	L	L	F	F	F	L	S	F	F	P	E	-	-	-	-	-	-	-	-	-	-	-	-	-	-	-	-	-	-	-	-	-	-	-	-	-	-	-	-	-	-	-	-	-	-	-	-	-	-	-	-	-	-	-	-	-	-	-	-	-	-	-	-	-	I	*
LOC_Os07g42940.1	-	-	-	-	-	-	-	-	-	-	-	-	-	-	-	-	-	-	-	-	-	-	-	-	-	-	-	-	-	-	-	-	-	-	-	-	-	-	-	-	-	-	-	-	-	-	-	-	-	-	-	-	-	-	-	-	-	-	-	-	-	-	-	-	-	-	-	-	-	-	-	-	-	M	E	R	Y	E	V	I	K	D	I	G	S	G	N	F	G	V	A	K	L	V	R	D	V	R	T	K	E	L	F	A	V	K	F	I	E	R	G	Q	K	-	I	D	E	N	V	Q	R	E	I	M	N	H	R	S	L	R	H	P	N	I	V	R	F	K	E	V	-	-	-	-	-	-	V	L	T	P	T	H	L	A	I	V	M	E	Y	A	A	G	G	E	L	F	E	R	I	C	S	A	G	R	F	S	E	D	E	A	R	F	F	F	Q	Q	L	I	S	G	V	S	Y	C	H	S	M	Q	I	C	H	R	D	L	K	L	E	N	T	L	L	D	G	S	I	A	P	R	L	K	I	C	D	F	G	Y	S	K	-	-	-	-	-	-	-	S	S	L	L	H	S	Q	P	K	S	T	V	G	T	P	A	Y	I	A	P	E	V	L	A	R	K	E	Y	D	G	K	-	-	-	-	-	-	-	-	-	-	-	-	-	-	V	A	D	V	W	S	C	G	V	T	L	Y	V	M	L	V	G	A	Y	P	F	E	D	P	D	E	P	R	N	F	R	K	T	I	T	R	I	L	S	V	Q	Y	M	V	P	D	Y	V	R	V	S	M	E	C	R	H	L	L	S	R	I	F	V	A	N	P	E	Q	R	I	T	I	P	E	I	K	N	H	P	W	F	L	K	N	L	P	I	E	M	T	D	E	Y	Q	M	S	-	V	Q	M	N	D	I	N	T	P	S	Q	G	L	E	E	I	M	A	I	I	Q	E	A	R	K	P	G	D	G	S	K	F	S	-	-	G	Q	I	P	G	L	G	S	-	M	-	E	L	D	D	-	-	-	-	-	-	V	D	T	D	-	-	D	I	D	V	E	D	S	G	D	F	V	C	A	-	L
Glyma.05G066700.3	-	-	-	-	-	-	-	-	-	-	-	-	-	-	-	-	-	-	-	-	-	-	-	-	-	-	-	-	-	-	-	-	-	-	-	-	-	-	-	-	-	-	-	-	-	-	-	-	-	-	-	-	-	-	-	-	-	-	-	-	-	-	-	-	-	-	-	-	-	-	-	-	M	E	E	R	Y	E	P	L	K	E	L	G	A	G	N	F	G	V	A	R	L	A	K	D	K	K	T	G	E	L	V	A	V	K	Y	I	E	R	G	K	K	-	I	D	E	N	V	Q	R	E	I	I	N	H	R	S	L	R	H	P	N	I	I	R	F	K	E	V	-	-	-	-	-	-	L	L	T	P	T	H	L	A	I	V	L	E	Y	A	S	G	G	E	L	F	E	R	I	C	T	A	G	R	F	S	E	D	E	A	R	Y	F	F	Q	Q	L	I	S	G	V	S	Y	C	H	S	M	E	I	C	H	R	D	L	K	L	E	N	T	L	L	D	G	N	P	S	P	R	L	K	I	C	D	F	G	Y	S	K	-	-	-	-	-	-	-	S	A	L	L	H	S	Q	P	K	S	T	V	G	T	P	A	Y	I	A	P	E	V	L	S	R	K	E	Y	D	G	K	-	-	-	-	-	-	-	-	-	-	-	-	-	-	I	S	D	V	W	S	C	G	V	T	L	Y	V	M	L	V	G	A	Y	P	F	E	D	P	E	D	P	R	N	F	R	K	T	I	G	R	I	I	G	V	Q	Y	S	I	P	D	Y	V	R	V	S	S	D	C	R	N	L	L	S	R	I	F	V	A	D	P	A	K	R	I	T	I	P	E	I	K	Q	Y	P	W	F	L	K	N	M	P	K	E	I	I	E	A	E	R	K	G	-	F	E	E	T	T	K	D	Q	P	S	Q	K	V	E	E	I	M	R	I	I	Q	E	A	R	I	P	G	Q	G	S	K	A	G	E	V	G	Q	V	-	G	T	G	S	-	L	-	D	I	E	D	-	-	-	-	-	-	-	-	-	-	-	-	D	E	E	I	D	V	S	G	D	Y	E	Q	V	-	*
Glyma.05G066700.4	-	-	-	-	-	-	-	-	-	-	-	-	-	-	-	-	-	-	-	-	-	-	-	-	-	-	-	-	-	-	-	-	-	-	-	-	-	-	-	-	-	-	-	-	-	-	-	-	-	-	-	-	-	-	-	-	-	-	-	-	-	-	-	-	-	-	-	-	-	-	-	-	M	E	E	R	Y	E	P	L	K	E	L	G	A	G	N	F	G	V	A	R	L	A	K	D	K	K	T	G	E	L	V	A	V	K	Y	I	E	R	G	K	K	-	I	D	E	N	V	Q	R	E	I	I	N	H	R	S	L	R	H	P	N	I	I	R	F	K	E	V	-	-	-	-	-	-	L	L	T	P	T	H	L	A	I	V	L	E	Y	A	S	G	G	E	L	F	E	R	I	C	T	A	G	R	F	S	E	D	E	A	R	Y	F	F	Q	Q	L	I	S	G	V	S	Y	C	H	S	M	E	I	C	H	R	D	L	K	L	E	N	T	L	L	D	G	N	P	S	P	R	L	K	I	C	D	F	G	Y	S	K	-	-	-	-	-	-	-	S	A	L	L	H	S	Q	P	K	S	T	V	G	T	P	A	Y	I	A	P	E	V	L	S	R	K	E	Y	D	G	K	-	-	-	-	-	-	-	-	-	-	-	-	-	-	I	S	D	V	W	S	C	G	V	T	L	Y	V	M	L	V	G	A	Y	P	F	E	D	P	E	D	P	R	N	F	R	K	T	I	G	R	I	I	G	V	Q	Y	S	I	P	D	Y	V	R	V	S	S	D	C	R	N	L	L	S	R	I	F	V	A	D	P	A	K	R	I	T	I	P	E	I	K	Q	Y	P	W	F	L	K	N	M	P	K	E	I	I	E	A	E	R	K	G	-	F	E	E	T	T	K	D	Q	P	S	Q	K	V	E	E	I	M	R	I	I	Q	E	A	R	I	P	G	Q	G	S	K	A	G	E	V	G	Q	V	-	G	T	G	S	-	L	-	D	I	E	D	-	-	-	-	-	-	-	-	-	-	-	-	D	E	E	I	D	V	S	G	D	Y	E	Q	V	-	*
Glyma.17G148800.3	-	-	-	-	-	-	-	-	-	-	-	-	-	-	-	-	-	-	-	-	-	-	-	-	-	-	-	-	-	-	-	-	-	-	-	-	-	-	-	-	-	-	-	-	-	-	-	-	-	-	-	-	-	-	-	-	-	-	-	-	-	-	-	-	-	-	-	-	-	-	-	-	M	E	E	R	Y	E	P	L	K	E	L	G	A	G	N	F	G	V	A	R	L	A	K	D	K	K	T	G	E	L	V	A	V	K	Y	I	E	R	G	K	K	-	I	D	E	N	V	Q	R	E	I	I	N	H	R	S	L	R	H	P	N	I	I	R	F	K	E	V	-	-	-	-	-	-	L	L	T	P	T	H	L	A	I	V	L	E	Y	A	S	G	G	E	L	F	E	R	I	C	T	A	G	R	F	S	E	D	E	A	R	Y	F	F	Q	Q	L	I	S	G	V	S	Y	C	H	S	M	E	I	C	H	R	D	L	K	L	E	N	T	L	L	D	G	N	P	S	P	R	L	K	I	C	D	F	G	Y	S	K	-	-	-	-	-	-	-	S	A	L	L	H	S	Q	P	K	S	T	V	G	T	P	A	Y	I	A	P	E	V	L	S	R	K	E	Y	D	G	K	-	-	-	-	-	-	-	-	-	-	-	-	-	-	I	S	D	V	W	S	C	G	V	T	L	Y	V	M	L	V	G	A	Y	P	F	E	D	P	E	D	P	R	N	F	R	K	T	I	G	R	I	I	G	I	Q	Y	S	I	P	D	Y	V	R	V	S	S	D	C	R	N	L	L	S	R	I	F	V	A	D	P	A	K	R	I	T	I	P	E	I	K	Q	Y	P	W	F	L	K	N	M	P	K	E	I	I	E	A	E	R	K	G	-	F	E	E	T	T	K	D	Q	P	N	Q	K	V	E	E	I	M	R	I	I	Q	A	A	R	I	P	G	Q	G	S	K	A	G	E	G	G	Q	A	-	G	T	G	S	-	L	-	D	I	E	D	-	-	-	-	-	-	-	-	-	-	-	-	D	E	E	I	D	V	S	G	D	Y	E	Q	V	-	*
Glyma.17G148800.5	-	-	-	-	-	-	-	-	-	-	-	-	-	-	-	-	-	-	-	-	-	-	-	-	-	-	-	-	-	-	-	-	-	-	-	-	-	-	-	-	-	-	-	-	-	-	-	-	-	-	-	-	-	-	-	-	-	-	-	-	-	-	-	-	-	-	-	-	-	-	-	-	M	E	E	R	Y	E	P	L	K	E	L	G	A	G	N	F	G	V	A	R	L	A	K	D	K	K	T	G	E	L	V	A	V	K	Y	I	E	R	G	K	K	-	I	D	E	N	V	Q	R	E	I	I	N	H	R	S	L	R	H	P	N	I	I	R	F	K	E	V	-	-	-	-	-	-	L	L	T	P	T	H	L	A	I	V	L	E	Y	A	S	G	G	E	L	F	E	R	I	C	T	A	G	R	F	S	E	D	E	A	R	Y	F	F	Q	Q	L	I	S	G	V	S	Y	C	H	S	M	E	I	C	H	R	D	L	K	L	E	N	T	L	L	D	G	N	P	S	P	R	L	K	I	C	D	F	G	Y	S	K	-	-	-	-	-	-	-	S	A	L	L	H	S	Q	P	K	S	T	V	G	T	P	A	Y	I	A	P	E	V	L	S	R	K	E	Y	D	G	K	-	-	-	-	-	-	-	-	-	-	-	-	-	-	I	S	D	V	W	S	C	G	V	T	L	Y	V	M	L	V	G	A	Y	P	F	E	D	P	E	D	P	R	N	F	R	K	T	I	G	R	I	I	G	I	Q	Y	S	I	P	D	Y	V	R	V	S	S	D	C	R	N	L	L	S	R	I	F	V	A	D	P	A	K	R	I	T	I	P	E	I	K	Q	Y	P	W	F	L	K	N	M	P	K	E	I	I	E	A	E	R	K	G	-	F	E	E	T	T	K	D	Q	P	N	Q	K	V	E	E	I	M	R	I	I	Q	A	A	R	I	P	G	Q	G	S	K	A	G	E	G	G	Q	A	-	G	T	G	S	-	L	-	D	I	E	D	-	-	-	-	-	-	-	-	-	-	-	-	D	E	E	I	D	V	S	G	D	Y	E	Q	V	-	*
Glyma.17G148800.2	-	-	-	-	-	-	-	-	-	-	-	-	-	-	-	-	-	-	-	-	-	-	-	-	-	-	-	-	-	-	-	-	-	-	-	-	-	-	-	-	-	-	-	-	-	-	-	-	-	-	-	-	-	-	-	-	-	-	-	-	-	-	-	-	-	-	-	-	-	-	-	-	M	E	E	R	Y	E	P	L	K	E	L	G	A	G	N	F	G	V	A	R	L	A	K	D	K	K	T	G	E	L	V	A	V	K	Y	I	E	R	G	K	K	-	I	D	E	N	V	Q	R	E	I	I	N	H	R	S	L	R	H	P	N	I	I	R	F	K	E	V	-	-	-	-	-	-	L	L	T	P	T	H	L	A	I	V	L	E	Y	A	S	G	G	E	L	F	E	R	I	C	T	A	G	R	F	S	E	D	E	A	R	Y	F	F	Q	Q	L	I	S	G	V	S	Y	C	H	S	M	E	I	C	H	R	D	L	K	L	E	N	T	L	L	D	G	N	P	S	P	R	L	K	I	C	D	F	G	Y	S	K	-	-	-	-	-	-	-	S	A	L	L	H	S	Q	P	K	S	T	V	G	T	P	A	Y	I	A	P	E	V	L	S	R	K	E	Y	D	G	K	-	-	-	-	-	-	-	-	-	-	-	-	-	-	I	S	D	V	W	S	C	G	V	T	L	Y	V	M	L	V	G	A	Y	P	F	E	D	P	E	D	P	R	N	F	R	K	T	I	G	R	I	I	G	I	Q	Y	S	I	P	D	Y	V	R	V	S	S	D	C	R	N	L	L	S	R	I	F	V	A	D	P	A	K	R	I	T	I	P	E	I	K	Q	Y	P	W	F	L	K	N	M	P	K	E	I	I	E	A	E	R	K	G	-	F	E	E	T	T	K	D	Q	P	N	Q	K	V	E	E	I	M	R	I	I	Q	A	A	R	I	P	G	Q	G	S	K	A	G	E	G	G	Q	A	-	G	T	G	S	-	L	-	D	I	E	D	-	-	-	-	-	-	-	-	-	-	-	-	D	E	E	I	D	V	S	G	D	Y	E	Q	V	-	*
Mp4g11110.1	-	-	-	-	-	-	-	-	-	-	-	-	-	-	-	-	-	-	-	-	-	-	-	-	-	-	-	-	-	-	-	-	-	-	-	-	-	-	-	-	-	-	-	-	-	-	-	-	-	-	-	-	-	-	-	-	-	-	-	-	-	-	-	M	D	M	P	T	E	I	Q	H	D	T	N	R	Y	E	L	V	R	D	I	G	S	G	N	F	G	V	A	R	L	M	K	D	K	L	T	R	E	M	V	A	I	K	Y	I	E	R	G	E	K	-	I	D	E	N	V	K	R	E	I	I	N	H	R	S	L	R	H	P	N	I	V	R	F	K	E	L	-	-	-	-	-	-	L	V	T	P	T	H	L	A	I	V	M	E	Y	A	A	G	G	E	L	F	E	R	I	C	N	M	G	R	F	S	E	D	E	A	R	F	F	F	Q	Q	L	I	S	G	V	S	Y	C	H	S	M	Q	I	C	H	R	D	L	K	L	E	N	T	L	L	D	G	S	P	A	P	R	L	K	I	C	D	F	G	Y	S	K	-	-	-	-	-	-	-	S	S	L	L	H	S	Q	P	K	S	T	V	G	T	P	A	Y	I	A	P	E	V	L	A	K	K	E	Y	D	G	K	-	-	-	-	-	-	-	-	-	-	-	-	-	-	L	A	D	V	W	S	C	G	V	T	L	F	V	M	L	V	G	A	Y	P	F	E	D	P	E	D	R	K	N	F	V	K	T	I	R	R	I	M	N	V	S	Y	S	I	P	E	Y	V	Q	I	S	S	E	C	R	H	L	L	T	R	I	F	V	T	N	P	A	E	R	I	T	M	E	E	I	Q	A	H	P	W	F	L	R	N	L	P	A	D	I	E	D	G	S	N	V	N	S	Y	I	F	D	D	P	N	H	P	P	Q	S	I	E	E	I	H	Q	L	I	N	E	A	R	I	P	G	P	G	Q	S	-	T	-	-	D	A	L	-	L	G	D	S	-	G	-	E	A	D	-	-	-	-	-	-	-	-	D	C	D	L	-	D	V	D	V	E	S	D	G	E	F	V	C	S	-	M
AT4G33950.2	-	-	-	-	-	-	-	-	-	-	-	-	-	-	-	-	-	-	-	-	-	-	-	-	-	-	-	-	-	-	-	-	-	-	-	-	-	-	-	M	-	-	-	-	-	-	-	-	-	-	D	R	P	A	-	V	-	-	S	G	P	-	-	M	D	L	P	-	-	I	M	H	D	S	D	R	Y	E	L	V	K	D	I	G	S	G	N	F	G	V	A	R	L	M	R	D	K	Q	S	N	E	L	V	A	V	K	Y	I	E	R	G	E	K	-	I	D	E	N	V	K	R	E	I	I	N	H	R	S	L	R	H	P	N	I	V	R	F	K	E	V	-	-	-	-	-	-	I	L	T	P	T	H	L	A	I	V	M	E	Y	A	S	G	G	E	L	F	E	R	I	C	N	A	G	R	F	S	E	D	E	A	R	F	F	F	Q	Q	L	I	S	G	V	S	Y	C	H	A	M	Q	V	C	H	R	D	L	K	L	E	N	T	L	L	D	G	S	P	A	P	R	L	K	I	C	D	F	G	Y	S	K	-	-	-	-	-	-	-	S	S	V	L	H	S	Q	P	K	S	T	V	G	T	P	A	Y	I	A	P	E	V	L	L	K	K	E	Y	D	G	K	-	-	-	-	-	-	-	-	-	-	-	-	-	-	V	A	D	V	W	S	C	G	V	T	L	Y	V	M	L	V	G	A	Y	P	F	E	D	P	E	E	P	K	N	F	R	K	T	I	H	R	I	L	N	V	Q	Y	A	I	P	D	Y	V	H	I	S	P	E	C	R	H	L	I	S	R	I	F	V	A	D	P	A	K	R	I	S	I	P	E	I	R	N	H	E	W	F	L	K	N	L	P	A	D	L	M	N	D	N	T	M	T	-	T	Q	F	D	E	S	D	Q	P	G	Q	S	I	E	E	I	M	Q	I	I	A	E	A	T	V	P	P	A	G	T	Q	N	L	-	-	N	H	Y	-	L	T	G	E	-	T	-	-	-	-	-	-	-	-	-	-	-	-	-	-	-	-	-	T	Q	N	I	N	-	-	F	S	I	S	C	-	L	F
TraesCS5D02G411900.2	-	-	-	-	-	-	-	-	-	-	-	-	-	-	-	-	-	-	-	-	-	-	-	-	-	-	-	-	-	-	-	-	-	-	-	-	-	-	-	-	-	-	-	-	-	-	-	-	-	-	-	-	-	-	-	-	-	-	-	-	-	-	-	M	D	M	P	-	-	I	M	H	D	S	D	R	Y	E	L	V	R	D	I	G	S	G	N	F	G	V	A	R	L	M	R	D	R	R	T	M	E	L	V	A	V	K	Y	I	E	R	G	E	K	-	I	D	E	N	V	Q	R	E	I	I	N	H	R	S	L	K	H	P	N	I	I	R	F	K	E	V	-	-	-	-	-	-	I	L	T	P	T	H	L	A	I	V	M	E	Y	A	S	G	G	E	L	F	E	R	I	C	K	N	I	R	F	S	E	D	E	A	R	Y	F	F	Q	Q	L	I	S	G	V	S	Y	C	H	S	M	Q	V	C	H	R	D	L	K	L	E	N	T	L	L	D	G	S	P	A	P	R	L	K	I	C	D	F	G	Y	S	K	-	-	-	-	-	-	-	S	S	V	L	H	S	Q	P	K	S	T	V	G	T	P	A	Y	I	A	P	E	V	L	L	K	K	E	Y	D	G	K	A	N	S	A	R	I	G	A	H	L	S	E	I	R	I	A	D	V	W	S	C	G	V	T	L	Y	V	M	V	V	G	A	Y	P	F	E	D	P	E	E	P	K	N	F	R	K	T	I	Q	R	I	L	S	V	Q	Y	S	I	P	D	N	V	D	I	S	P	E	C	R	H	L	I	S	R	I	F	V	G	D	P	A	L	R	I	T	I	P	E	I	R	S	H	N	W	F	L	K	N	L	P	A	D	L	M	D	D	D	S	M	S	-	S	Q	Y	E	E	P	E	Q	R	M	Q	T	M	D	E	I	M	Q	I	L	T	E	A	T	I	P	P	A	C	S	R	-	I	-	-	N	H	I	-	L	T	D	G	-	F	-	D	M	D	D	-	D	M	D	-	D	L	E	S	D	S	-	D	L	D	I	D	S	S	G	E	I	V	Y	A	-	M
Mp1g24460.1	-	-	-	-	-	-	-	-	-	-	-	-	-	-	-	-	-	-	-	-	-	-	-	-	-	-	-	-	-	-	-	-	-	-	-	-	-	-	-	-	-	-	-	-	-	-	-	-	-	-	-	-	-	-	-	-	-	-	-	-	-	-	-	M	D	I	P	-	-	G	L	H	D	M	D	R	Y	E	L	V	R	D	I	G	S	G	N	F	G	V	A	R	L	M	R	D	K	K	T	R	E	L	V	A	V	K	Y	I	E	R	G	E	K	-	I	D	E	N	V	Q	R	E	I	I	N	H	R	S	L	R	H	P	N	I	V	R	F	K	E	V	-	-	-	-	-	-	M	V	T	P	T	H	L	A	I	V	M	E	Y	A	A	G	G	E	L	F	E	R	I	C	N	A	G	R	F	S	E	D	E	A	R	F	F	F	Q	Q	L	I	S	G	V	S	Y	C	H	S	M	Q	I	C	H	R	D	L	K	L	E	N	T	L	L	D	G	S	P	A	P	R	L	K	I	C	D	F	G	Y	S	K	-	-	-	-	-	-	-	S	S	I	L	H	S	Q	P	K	S	T	V	G	T	P	A	Y	I	A	P	E	V	L	S	K	K	E	Y	D	G	K	-	-	-	-	-	-	-	-	-	-	-	-	-	-	I	A	D	V	W	S	C	G	V	T	L	Y	V	M	L	V	G	A	Y	P	F	E	D	P	E	D	P	R	N	F	R	K	T	I	G	R	I	L	S	V	Q	Y	T	I	P	D	Y	V	H	I	S	N	E	C	R	Q	L	L	K	Q	I	F	V	A	N	P	A	K	R	I	S	I	S	E	I	K	N	H	E	W	F	L	K	N	L	P	A	D	L	I	D	G	S	N	L	S	-	Y	V	F	E	D	P	N	H	P	P	Q	S	I	E	E	I	H	R	I	I	N	E	A	R	T	C	G	A	G	S	G	-	M	-	-	G	S	F	-	L	G	D	S	G	L	-	D	G	D	-	-	D	M	-	-	D	L	E	N	D	A	-	D	P	D	V	D	S	S	G	E	F	V	C	T	-	M
Glyma.07G178600.6	-	-	-	-	-	-	-	-	-	-	-	-	-	-	-	-	-	-	-	-	-	-	-	-	-	-	-	-	-	-	-	-	-	-	-	-	-	-	-	M	-	-	-	-	-	-	-	-	-	-	-	-	-	-	-	-	-	-	-	-	-	-	-	-	-	-	-	-	-	-	-	-	-	-	-	-	-	-	-	-	-	-	-	-	-	-	-	-	-	-	-	-	-	-	-	-	-	-	-	-	-	-	-	-	-	-	-	-	-	L	S	C	G	-	I	D	E	N	V	R	R	E	I	I	N	H	R	S	L	R	H	P	N	I	V	R	F	K	E	V	C	S	L	N	S	I	I	L	T	P	T	H	L	A	I	V	M	E	Y	A	S	G	G	E	L	F	E	R	I	C	N	A	G	R	F	S	E	D	E	A	R	F	F	F	Q	Q	L	I	S	G	V	S	Y	C	H	A	M	Q	V	C	H	R	D	L	K	L	E	N	T	L	L	D	G	S	P	A	P	R	L	K	I	C	D	F	G	Y	S	K	-	-	-	-	-	-	-	S	S	V	L	H	S	Q	P	K	S	T	V	G	T	P	A	Y	I	A	P	E	V	L	L	K	K	E	Y	D	G	K	-	-	-	-	-	-	-	-	-	-	-	-	-	-	I	A	D	V	W	S	C	G	V	T	L	Y	V	M	L	V	G	A	Y	P	F	E	D	P	E	E	P	K	N	F	R	K	T	I	H	R	I	L	K	V	Q	Y	S	I	P	D	Y	V	H	I	S	S	E	C	R	H	L	I	S	R	I	F	V	A	D	P	A	Q	R	I	S	I	P	E	I	R	N	H	E	W	F	L	K	N	L	P	A	D	L	M	V	E	N	T	M	N	-	R	Q	F	E	E	P	D	Q	P	M	Q	S	I	E	E	I	M	Q	I	I	S	E	A	T	I	P	A	A	G	T	Q	S	L	-	-	N	Q	Y	-	L	T	G	S	-	L	-	D	I	D	D	D	D	M	D	E	D	L	E	T	D	P	-	D	L	D	I	D	S	S	G	E	I	V	Y	A	I	*
Nben07g32660	-	-	-	-	-	-	-	-	-	-	-	-	-	-	-	-	-	-	-	-	-	-	-	-	-	-	-	-	-	-	-	-	-	-	-	-	-	-	-	M	-	-	-	-	-	-	-	-	-	-	D	R	G	L	-	-	I	-	P	G	P	-	G	M	D	M	P	-	-	I	M	H	D	S	D	R	Y	D	L	V	K	D	I	G	S	G	N	F	G	V	A	R	L	M	R	D	K	Q	T	K	E	L	V	A	V	K	Y	I	E	R	G	D	K	-	I	D	E	N	V	Q	R	E	I	I	N	H	R	S	L	R	H	P	N	I	I	R	F	R	E	V	-	-	-	-	-	-	I	L	T	P	T	H	L	A	I	V	M	E	Y	A	S	G	G	E	L	F	E	R	I	S	N	A	G	R	F	N	E	D	E	A	R	F	F	F	Q	Q	L	I	S	G	V	S	Y	C	H	S	M	Q	V	C	H	R	D	L	K	L	E	N	T	L	L	D	G	S	P	A	P	R	L	K	I	C	D	F	G	Y	S	K	-	-	-	-	-	-	-	S	S	L	L	H	S	Q	P	K	S	T	V	G	T	P	A	Y	I	A	P	E	V	L	L	R	Q	E	Y	D	G	K	-	-	-	-	-	-	-	-	-	-	-	-	-	-	V	A	D	V	W	S	C	G	V	T	L	Y	V	M	L	V	G	A	Y	P	F	E	D	P	D	E	P	K	D	F	R	K	T	I	N	R	I	L	S	V	Q	Y	S	I	P	D	N	I	Q	I	S	E	E	C	R	H	L	I	S	R	I	F	V	G	D	P	A	Q	R	I	T	M	P	E	I	K	N	H	V	W	F	L	K	N	L	P	A	D	L	M	D	D	K	M	I	S	-	D	Q	F	E	E	P	D	Q	P	M	Q	S	I	D	T	I	M	Q	I	I	S	E	A	T	V	P	P	V	G	L	Y	N	L	-	-	E	M	-	-	-	-	-	-	-	-	-	-	M	D	D	-	D	M	D	-	D	L	D	S	D	P	-	D	L	D	I	D	S	S	G	E	I	I	Y	A	M	*
Nben15g21330	-	-	-	-	-	-	-	-	-	-	-	-	-	-	-	-	-	-	-	-	-	-	-	-	-	-	-	-	-	-	-	-	-	-	-	-	-	-	-	M	-	-	-	-	-	-	-	-	-	-	D	R	G	L	-	-	I	-	P	G	P	-	G	M	D	M	P	-	-	I	M	H	D	S	D	R	Y	D	L	V	K	D	I	G	S	G	N	F	G	V	A	R	L	M	R	D	K	Q	T	K	E	L	V	A	V	K	Y	I	E	R	G	D	K	-	I	D	E	N	V	Q	R	E	I	I	N	H	R	S	L	R	H	P	N	I	I	R	F	R	E	V	-	-	-	-	-	-	I	L	T	P	T	H	L	A	I	V	M	E	Y	A	S	G	G	E	L	F	E	R	I	S	N	A	G	R	F	N	E	D	E	A	R	F	F	F	Q	Q	L	I	S	G	V	S	Y	C	H	S	M	Q	V	C	H	R	D	L	K	L	E	N	T	L	L	D	G	S	P	A	P	R	L	K	I	C	D	F	G	Y	S	K	-	-	-	-	-	-	-	S	S	L	L	H	S	Q	P	K	S	T	V	G	T	P	A	Y	I	A	P	E	V	L	L	R	Q	E	Y	D	G	K	-	-	-	-	-	-	-	-	-	-	-	-	-	-	V	A	D	V	W	S	C	G	V	T	L	Y	V	M	L	V	G	A	Y	P	F	E	D	P	D	E	P	K	D	F	R	K	T	I	N	R	I	L	S	V	Q	Y	S	I	P	D	N	I	Q	I	S	E	E	C	R	L	L	I	S	R	I	F	V	G	D	P	A	Q	R	I	T	M	P	E	I	K	N	H	V	W	F	L	K	N	L	P	A	D	L	M	D	D	K	M	I	S	-	D	Q	F	E	E	P	D	Q	P	M	Q	S	I	D	T	I	M	Q	I	I	S	E	A	T	V	P	P	V	G	L	Y	N	L	-	-	E	L	-	-	-	-	-	-	-	-	-	-	M	D	D	-	D	M	D	-	D	L	D	S	D	P	-	D	L	D	I	D	S	S	G	E	I	I	Y	A	M	*
Glyma.17G178800.5	-	-	-	-	-	-	-	-	-	-	-	-	-	-	-	-	-	-	-	-	-	-	-	-	-	-	-	-	-	-	-	-	-	-	-	-	-	-	-	M	-	-	-	-	-	-	-	-	-	-	D	R	A	A	-	L	T	-	V	G	P	-	G	M	D	M	P	-	-	I	M	H	D	S	D	R	Y	D	L	V	R	D	I	G	S	G	N	F	G	V	A	R	L	M	Q	D	K	Q	T	K	E	L	V	A	V	K	Y	I	E	R	G	D	K	-	I	D	E	N	V	K	R	E	I	I	N	H	R	S	L	R	H	P	N	I	V	R	F	K	E	V	-	-	-	-	-	-	I	L	T	P	T	H	L	A	I	V	M	E	Y	A	S	G	G	E	L	F	E	K	I	C	N	A	G	R	F	T	E	D	E	-	-	-	-	-	-	Q	L	I	S	G	V	S	Y	C	H	A	M	Q	V	C	H	R	D	L	K	L	E	N	T	L	L	D	G	S	P	A	P	R	L	K	I	C	D	F	G	Y	S	K	-	-	-	-	-	-	-	S	S	V	L	H	S	Q	P	K	S	T	V	G	T	P	A	Y	I	A	P	E	V	L	L	K	Q	E	Y	D	G	K	-	-	-	-	-	-	-	-	-	-	-	-	-	-	L	A	D	V	W	S	C	G	V	T	L	Y	V	M	L	V	G	A	Y	P	F	E	D	P	N	E	P	K	D	F	R	K	T	I	Q	R	V	L	S	V	Q	Y	S	I	P	D	G	V	Q	I	S	P	E	C	R	H	L	I	S	R	I	F	V	F	D	P	A	E	R	I	T	M	S	E	I	W	N	H	E	W	F	L	K	N	L	P	A	D	L	M	D	E	K	I	M	G	-	N	Q	F	E	E	P	D	Q	P	M	Q	S	I	D	T	I	M	Q	I	I	S	E	A	T	V	P	A	V	G	T	Y	S	F	-	-	D	Q	F	-	M	E	E	Q	-	I	Y	D	L	E	S	-	-	-	-	-	E	S	D	A	E	S	-	D	L	D	I	D	S	S	G	E	I	V	Y	A	I	*
Glyma.17G178800.1	-	-	-	-	-	-	-	-	-	-	-	-	-	-	-	-	-	-	-	-	-	-	-	-	-	-	-	-	-	-	-	-	-	-	-	-	-	-	-	M	-	-	-	-	-	-	-	-	-	-	D	R	A	A	-	L	T	-	V	G	P	-	G	M	D	M	P	-	-	I	M	H	D	S	D	R	Y	D	L	V	R	D	I	G	S	G	N	F	G	V	A	R	L	M	Q	D	K	Q	T	K	E	L	V	A	V	K	Y	I	E	R	G	D	K	-	I	D	E	N	V	K	R	E	I	I	N	H	R	S	L	R	H	P	N	I	V	R	F	K	E	V	-	-	-	-	-	-	I	L	T	P	T	H	L	A	I	V	M	E	Y	A	S	G	G	E	L	F	E	K	I	C	N	A	G	R	F	T	E	D	E	A	R	F	F	F	Q	Q	L	I	S	G	V	S	Y	C	H	A	M	Q	V	C	H	R	D	L	K	L	E	N	T	L	L	D	G	S	P	A	P	R	L	K	I	C	D	F	G	Y	S	K	-	-	-	-	-	-	-	S	S	V	L	H	S	Q	P	K	S	T	V	G	T	P	A	Y	I	A	P	E	V	L	L	K	Q	E	Y	D	G	K	-	-	-	-	-	-	-	-	-	-	-	-	-	-	L	A	D	V	W	S	C	G	V	T	L	Y	V	M	L	V	G	A	Y	P	F	E	D	P	N	E	P	K	D	F	R	K	T	I	Q	R	V	L	S	V	Q	Y	S	I	P	D	G	V	Q	I	S	P	E	C	R	H	L	I	S	R	I	F	V	F	D	P	A	E	R	I	T	M	S	E	I	W	N	H	E	W	F	L	K	N	L	P	A	D	L	M	D	E	K	I	M	G	-	N	Q	F	E	E	P	D	Q	P	M	Q	S	I	D	T	I	M	Q	I	I	S	E	A	T	V	P	A	V	G	T	Y	S	F	-	-	D	Q	F	-	M	E	E	Q	-	I	Y	D	L	E	S	-	-	-	-	-	E	S	D	A	E	S	-	D	L	D	I	D	S	S	G	E	I	V	Y	A	I	*
Glyma.05G081900.1	-	-	-	-	-	-	-	-	-	-	-	-	-	-	-	-	-	-	-	-	-	-	-	-	-	-	-	-	-	-	-	-	-	-	-	-	-	-	-	M	-	-	-	-	-	-	-	-	-	-	D	R	A	A	-	L	T	-	V	G	P	-	G	M	D	M	P	-	-	I	M	H	D	S	D	R	Y	D	L	V	R	D	I	G	S	G	N	F	G	V	A	R	L	M	Q	D	K	Q	T	K	E	L	V	A	V	K	Y	I	E	R	G	D	K	-	I	D	E	N	V	K	R	E	I	I	N	H	R	S	L	R	H	P	N	I	V	R	F	K	E	V	-	-	-	-	-	-	I	L	T	P	T	H	L	A	I	V	M	E	Y	A	S	G	G	E	L	F	E	K	I	C	N	A	G	R	F	T	E	D	E	A	R	F	F	F	Q	Q	L	I	S	G	V	S	Y	C	H	A	M	Q	V	C	H	R	D	L	K	L	E	N	T	L	L	D	G	S	S	A	P	R	L	K	I	C	D	F	G	Y	S	K	-	-	-	-	-	-	-	S	S	V	L	H	S	Q	P	K	S	T	V	G	T	P	A	Y	I	A	P	E	V	L	L	K	Q	E	Y	D	G	K	-	-	-	-	-	-	-	-	-	-	-	-	-	-	L	A	D	V	W	S	C	G	V	T	L	Y	V	M	L	V	G	A	Y	P	F	E	D	P	N	E	P	K	D	F	R	K	T	I	Q	R	V	L	S	V	Q	Y	S	I	P	D	G	V	Q	I	S	P	E	C	G	H	L	I	S	R	I	F	V	F	D	P	A	E	R	I	T	M	S	E	I	W	N	H	E	W	F	L	K	N	L	P	A	D	L	M	D	E	K	I	M	S	-	N	Q	F	E	E	P	D	Q	P	M	Q	S	I	D	T	I	M	Q	I	I	S	E	A	T	V	P	A	A	G	T	Y	S	F	-	-	D	K	F	-	M	E	E	Q	-	I	Y	D	L	E	S	-	-	-	-	-	E	S	D	A	E	S	-	D	L	D	I	D	S	S	G	E	I	V	Y	A	I	*
Glyma.07G178600.7	-	-	-	-	-	-	-	-	-	-	-	-	-	-	-	-	-	-	-	-	-	-	-	-	-	-	-	-	-	-	-	-	-	-	-	-	-	-	-	-	-	-	-	-	-	-	-	-	-	-	-	-	-	-	-	-	-	-	-	-	-	-	-	-	-	-	-	-	-	-	-	-	-	-	-	-	-	-	-	-	-	-	-	-	-	-	-	-	-	-	-	-	-	-	-	-	-	-	-	-	-	-	-	M	R	K	L	I	S	S	G	V	H	-	I	D	E	N	V	R	R	E	I	I	N	H	R	S	L	R	H	P	N	I	V	R	F	K	E	I	-	-	-	-	-	-	I	L	T	P	T	H	L	A	I	V	M	E	Y	A	S	G	G	E	L	F	E	R	I	C	N	A	G	R	F	S	E	D	E	A	R	F	F	F	Q	Q	L	I	S	G	V	S	Y	C	H	A	M	Q	V	C	H	R	D	L	K	L	E	N	T	L	L	D	G	S	P	A	P	R	L	K	I	C	D	F	G	Y	S	K	-	-	-	-	-	-	-	S	S	V	L	H	S	Q	P	K	S	T	V	G	T	P	A	Y	I	A	P	E	V	L	L	K	K	E	Y	D	G	K	-	-	-	-	-	-	-	-	-	-	-	-	-	-	I	A	D	V	W	S	C	G	V	T	L	Y	V	M	L	V	G	A	Y	P	F	E	D	P	E	E	P	K	N	F	R	K	T	I	H	R	I	L	K	V	Q	Y	S	I	P	D	Y	V	H	I	S	S	E	C	R	H	L	I	S	R	I	F	V	A	D	P	A	Q	R	I	S	I	P	E	I	R	N	H	E	W	F	L	K	N	L	P	A	D	L	M	V	E	N	T	M	N	-	R	Q	F	E	E	P	D	Q	P	M	Q	S	I	E	E	I	M	Q	I	I	S	E	A	T	I	P	A	A	G	T	Q	S	L	-	-	N	Q	Y	-	L	T	G	S	-	L	-	D	I	D	D	D	D	M	D	E	D	L	E	T	D	P	-	D	L	D	I	D	S	S	G	E	I	V	Y	A	I	*
AT4G33950.1	-	-	-	-	-	-	-	-	-	-	-	-	-	-	-	-	-	-	-	-	-	-	-	-	-	-	-	-	-	-	-	-	-	-	-	-	-	-	-	M	-	-	-	-	-	-	-	-	-	-	D	R	P	A	-	V	S	-	-	G	P	-	-	M	D	L	P	-	-	I	M	H	D	S	D	R	Y	E	L	V	K	D	I	G	S	G	N	F	G	V	A	R	L	M	R	D	K	Q	S	N	E	L	V	A	V	K	Y	I	E	R	G	E	K	-	I	D	E	N	V	K	R	E	I	I	N	H	R	S	L	R	H	P	N	I	V	R	F	K	E	V	-	-	-	-	-	-	I	L	T	P	T	H	L	A	I	V	M	E	Y	A	S	G	G	E	L	F	E	R	I	C	N	A	G	R	F	S	E	D	E	A	R	F	F	F	Q	Q	L	I	S	G	V	S	Y	C	H	A	M	Q	V	C	H	R	D	L	K	L	E	N	T	L	L	D	G	S	P	A	P	R	L	K	I	C	D	F	G	Y	S	K	-	-	-	-	-	-	-	S	S	V	L	H	S	Q	P	K	S	T	V	G	T	P	A	Y	I	A	P	E	V	L	L	K	K	E	Y	D	G	K	-	-	-	-	-	-	-	-	-	-	-	-	-	-	V	A	D	V	W	S	C	G	V	T	L	Y	V	M	L	V	G	A	Y	P	F	E	D	P	E	E	P	K	N	F	R	K	T	I	H	R	I	L	N	V	Q	Y	A	I	P	D	Y	V	H	I	S	P	E	C	R	H	L	I	S	R	I	F	V	A	D	P	A	K	R	I	S	I	P	E	I	R	N	H	E	W	F	L	K	N	L	P	A	D	L	M	N	D	N	T	M	T	-	T	Q	F	D	E	S	D	Q	P	G	Q	S	I	E	E	I	M	Q	I	I	A	E	A	T	V	P	P	A	G	T	Q	N	L	-	-	N	H	Y	-	L	T	G	S	-	L	-	D	I	D	D	-	D	M	E	E	D	L	E	S	D	L	D	D	L	D	I	D	S	S	G	E	I	V	Y	A	-	M
Glyma.02G135500.3	-	-	-	-	-	-	-	-	-	-	-	-	-	-	-	-	-	-	-	-	-	-	-	-	-	-	-	-	-	-	-	-	-	-	-	-	-	-	-	-	-	-	-	-	-	-	-	-	-	-	-	-	-	-	-	-	-	-	-	-	-	-	-	M	D	L	P	-	-	I	M	H	D	S	D	R	Y	E	F	V	R	D	I	G	S	G	N	F	G	V	A	R	L	M	R	D	K	H	T	E	E	L	V	A	V	K	Y	I	E	R	G	E	K	-	I	D	E	N	V	Q	R	E	I	I	N	H	R	S	L	R	H	P	N	I	V	R	F	K	E	V	-	-	-	-	-	-	I	L	T	P	T	H	L	A	I	V	M	E	Y	A	S	G	G	E	L	F	E	R	I	C	N	A	G	R	F	S	E	D	E	A	R	F	F	F	Q	Q	L	I	S	G	V	S	Y	C	H	A	M	Q	V	C	H	R	D	L	K	L	E	N	T	L	L	D	G	S	P	A	P	R	L	K	I	C	D	F	G	Y	S	K	-	-	-	-	-	-	-	S	S	V	L	H	S	Q	P	K	S	T	V	G	T	P	A	Y	I	A	P	E	V	L	L	K	K	E	Y	D	G	K	-	-	-	-	-	-	-	-	-	-	-	-	-	-	I	A	D	V	W	S	C	G	V	T	L	Y	V	M	L	V	G	A	Y	P	F	E	D	P	E	E	P	K	N	F	R	K	T	I	H	R	I	L	N	V	Q	Y	S	I	P	D	Y	V	H	I	S	S	E	C	R	H	L	I	S	R	I	F	V	A	D	P	A	K	R	I	S	I	P	E	I	R	N	H	E	W	F	L	K	N	L	Q	S	D	L	M	D	G	N	T	N	N	-	N	Q	F	E	E	P	D	Q	P	M	Q	S	I	E	E	I	M	Q	I	I	K	E	A	T	I	P	A	A	G	S	Q	S	L	-	-	N	H	D	-	L	T	G	S	-	L	-	D	I	D	D	-	D	M	-	-	-	-	D	S	D	P	-	D	L	D	L	D	S	S	G	E	I	V	Y	A	M	*
Glyma.02G135500.1	-	-	-	-	-	-	-	-	-	-	-	-	-	-	-	-	-	-	-	-	-	-	-	-	-	-	-	-	-	-	-	-	-	-	-	-	-	-	-	-	-	-	-	-	-	-	-	-	-	-	-	-	-	-	-	M	S	-	V	G	P	-	G	M	D	L	P	-	-	I	M	H	D	S	D	R	Y	E	F	V	R	D	I	G	S	G	N	F	G	V	A	R	L	M	R	D	K	H	T	E	E	L	V	A	V	K	Y	I	E	R	G	E	K	-	I	D	E	N	V	Q	R	E	I	I	N	H	R	S	L	R	H	P	N	I	V	R	F	K	E	V	-	-	-	-	-	-	I	L	T	P	T	H	L	A	I	V	M	E	Y	A	S	G	G	E	L	F	E	R	I	C	N	A	G	R	F	S	E	D	E	A	R	F	F	F	Q	Q	L	I	S	G	V	S	Y	C	H	A	M	Q	V	C	H	R	D	L	K	L	E	N	T	L	L	D	G	S	P	A	P	R	L	K	I	C	D	F	G	Y	S	K	-	-	-	-	-	-	-	S	S	V	L	H	S	Q	P	K	S	T	V	G	T	P	A	Y	I	A	P	E	V	L	L	K	K	E	Y	D	G	K	-	-	-	-	-	-	-	-	-	-	-	-	-	-	I	A	D	V	W	S	C	G	V	T	L	Y	V	M	L	V	G	A	Y	P	F	E	D	P	E	E	P	K	N	F	R	K	T	I	H	R	I	L	N	V	Q	Y	S	I	P	D	Y	V	H	I	S	S	E	C	R	H	L	I	S	R	I	F	V	A	D	P	A	K	R	I	S	I	P	E	I	R	N	H	E	W	F	L	K	N	L	Q	S	D	L	M	D	G	N	T	N	N	-	N	Q	F	E	E	P	D	Q	P	M	Q	S	I	E	E	I	M	Q	I	I	K	E	A	T	I	P	A	A	G	S	Q	S	L	-	-	N	H	D	-	L	T	G	S	-	L	-	D	I	D	D	-	D	M	-	-	-	-	D	S	D	P	-	D	L	D	L	D	S	S	G	E	I	V	Y	A	M	*
Glyma.07G209400.1	M	V	N	L	I	W	V	G	D	S	S	R	V	E	P	F	L	V	S	F	F	T	H	Q	L	Q	I	Q	W	S	M	P	N	H	V	N	L	N	R	K	-	-	-	-	-	-	-	-	-	-	D	R	S	A	-	M	S	-	V	G	P	-	G	M	D	L	P	-	-	I	M	H	D	S	D	R	Y	E	L	V	R	D	I	G	S	G	N	F	G	V	A	R	L	M	R	D	K	H	T	E	E	L	V	A	V	K	Y	I	E	R	G	E	K	-	I	D	E	N	V	Q	R	E	I	I	N	H	R	S	L	R	H	P	N	I	V	R	F	K	E	V	-	-	-	-	-	-	I	L	T	P	T	H	L	A	I	V	M	E	Y	A	S	G	G	E	L	F	E	R	I	C	N	A	G	R	F	S	E	D	E	A	R	F	F	F	Q	Q	L	I	S	G	V	S	Y	C	H	A	M	Q	V	C	H	R	D	L	K	L	E	N	T	L	L	D	G	S	P	A	P	R	L	K	I	C	D	F	G	Y	S	K	-	-	-	-	-	-	-	S	S	V	L	H	S	Q	P	K	S	T	V	G	T	P	A	Y	I	A	P	E	V	L	L	K	K	E	Y	D	G	K	-	-	-	-	-	-	-	-	-	-	-	-	-	-	I	A	D	V	W	S	C	G	V	T	L	Y	V	M	L	V	G	A	Y	P	F	E	D	P	E	E	P	K	N	F	R	K	T	I	H	R	I	L	N	V	Q	Y	S	I	P	D	Y	V	H	I	S	S	E	C	R	H	L	I	S	R	I	F	V	A	D	P	A	R	R	I	T	I	P	E	I	R	N	H	E	W	F	L	K	N	L	P	S	D	L	M	D	G	N	T	-	N	-	N	Q	F	E	E	P	D	Q	P	M	Q	S	I	E	E	I	M	Q	I	I	K	E	A	T	I	P	A	A	G	S	Q	S	L	-	-	N	H	D	-	L	T	G	S	-	L	-	D	I	D	D	-	D	M	-	-	-	-	D	S	D	P	-	D	L	D	L	D	S	S	G	E	I	V	Y	A	M	*
Glyma.07G209400.4	M	V	N	L	I	W	V	G	D	S	S	R	V	E	P	F	L	V	S	F	F	T	H	Q	L	Q	I	Q	W	S	M	P	N	H	V	N	L	N	R	K	-	-	-	-	-	-	-	-	-	-	D	R	S	A	-	M	S	-	V	G	P	-	G	M	D	L	P	-	-	I	M	H	D	S	D	R	Y	E	L	V	R	D	I	G	S	G	N	F	G	V	A	R	L	M	R	D	K	H	T	E	E	L	V	A	V	K	Y	I	E	R	G	E	K	Q	I	D	E	N	V	Q	R	E	I	I	N	H	R	S	L	R	H	P	N	I	V	R	F	K	E	V	-	-	-	-	-	-	I	L	T	P	T	H	L	A	I	V	M	E	Y	A	S	G	G	E	L	F	E	R	I	C	N	A	G	R	F	S	E	D	E	A	R	F	F	F	Q	Q	L	I	S	G	V	S	Y	C	H	A	M	Q	V	C	H	R	D	L	K	L	E	N	T	L	L	D	G	S	P	A	P	R	L	K	I	C	D	F	G	Y	S	K	-	-	-	-	-	-	-	S	S	V	L	H	S	Q	P	K	S	T	V	G	T	P	A	Y	I	A	P	E	V	L	L	K	K	E	Y	D	G	K	-	-	-	-	-	-	-	-	-	-	-	-	-	-	I	A	D	V	W	S	C	G	V	T	L	Y	V	M	L	V	G	A	Y	P	F	E	D	P	E	E	P	K	N	F	R	K	T	I	H	R	I	L	N	V	Q	Y	S	I	P	D	Y	V	H	I	S	S	E	C	R	H	L	I	S	R	I	F	V	A	D	P	A	R	R	I	T	I	P	E	I	R	N	H	E	W	F	L	K	N	L	P	S	D	L	M	D	G	N	T	-	N	-	N	Q	F	E	E	P	D	Q	P	M	Q	S	I	E	E	I	M	Q	I	I	K	E	A	T	I	P	A	A	G	S	Q	S	L	-	-	N	H	D	-	L	T	G	S	-	L	-	D	I	D	D	-	D	M	-	-	-	-	D	S	D	P	-	D	L	D	L	D	S	S	G	E	I	V	Y	A	M	*
Glyma.07G209400.2	-	-	-	-	-	-	-	-	-	-	-	-	-	-	-	-	-	-	-	-	-	-	-	-	-	-	-	-	-	-	-	-	-	-	-	-	-	-	-	-	-	-	-	-	-	-	-	-	-	-	-	-	-	-	-	M	S	-	V	G	P	-	G	M	D	L	P	-	-	I	M	H	D	S	D	R	Y	E	L	V	R	D	I	G	S	G	N	F	G	V	A	R	L	M	R	D	K	H	T	E	E	L	V	A	V	K	Y	I	E	R	G	E	K	-	I	D	E	N	V	Q	R	E	I	I	N	H	R	S	L	R	H	P	N	I	V	R	F	K	E	V	-	-	-	-	-	-	I	L	T	P	T	H	L	A	I	V	M	E	Y	A	S	G	G	E	L	F	E	R	I	C	N	A	G	R	F	S	E	D	E	A	R	F	F	F	Q	Q	L	I	S	G	V	S	Y	C	H	A	M	Q	V	C	H	R	D	L	K	L	E	N	T	L	L	D	G	S	P	A	P	R	L	K	I	C	D	F	G	Y	S	K	-	-	-	-	-	-	-	S	S	V	L	H	S	Q	P	K	S	T	V	G	T	P	A	Y	I	A	P	E	V	L	L	K	K	E	Y	D	G	K	-	-	-	-	-	-	-	-	-	-	-	-	-	-	I	A	D	V	W	S	C	G	V	T	L	Y	V	M	L	V	G	A	Y	P	F	E	D	P	E	E	P	K	N	F	R	K	T	I	H	R	I	L	N	V	Q	Y	S	I	P	D	Y	V	H	I	S	S	E	C	R	H	L	I	S	R	I	F	V	A	D	P	A	R	R	I	T	I	P	E	I	R	N	H	E	W	F	L	K	N	L	P	S	D	L	M	D	G	N	T	-	N	-	N	Q	F	E	E	P	D	Q	P	M	Q	S	I	E	E	I	M	Q	I	I	K	E	A	T	I	P	A	A	G	S	Q	S	L	-	-	N	H	D	-	L	T	G	S	-	L	-	D	I	D	D	-	D	M	-	-	-	-	D	S	D	P	-	D	L	D	L	D	S	S	G	E	I	V	Y	A	M	*
Glyma.07G209400.3	-	-	-	-	-	-	-	-	-	-	-	-	-	-	-	-	-	-	-	-	-	-	-	-	-	-	-	-	-	-	-	-	-	-	-	-	-	-	-	-	-	-	-	-	-	-	-	-	-	-	-	-	-	-	-	M	S	-	V	G	P	-	G	M	D	L	P	-	-	I	M	H	D	S	D	R	Y	E	L	V	R	D	I	G	S	G	N	F	G	V	A	R	L	M	R	D	K	H	T	E	E	L	V	A	V	K	Y	I	E	R	G	E	K	Q	I	D	E	N	V	Q	R	E	I	I	N	H	R	S	L	R	H	P	N	I	V	R	F	K	E	V	-	-	-	-	-	-	I	L	T	P	T	H	L	A	I	V	M	E	Y	A	S	G	G	E	L	F	E	R	I	C	N	A	G	R	F	S	E	D	E	A	R	F	F	F	Q	Q	L	I	S	G	V	S	Y	C	H	A	M	Q	V	C	H	R	D	L	K	L	E	N	T	L	L	D	G	S	P	A	P	R	L	K	I	C	D	F	G	Y	S	K	-	-	-	-	-	-	-	S	S	V	L	H	S	Q	P	K	S	T	V	G	T	P	A	Y	I	A	P	E	V	L	L	K	K	E	Y	D	G	K	-	-	-	-	-	-	-	-	-	-	-	-	-	-	I	A	D	V	W	S	C	G	V	T	L	Y	V	M	L	V	G	A	Y	P	F	E	D	P	E	E	P	K	N	F	R	K	T	I	H	R	I	L	N	V	Q	Y	S	I	P	D	Y	V	H	I	S	S	E	C	R	H	L	I	S	R	I	F	V	A	D	P	A	R	R	I	T	I	P	E	I	R	N	H	E	W	F	L	K	N	L	P	S	D	L	M	D	G	N	T	-	N	-	N	Q	F	E	E	P	D	Q	P	M	Q	S	I	E	E	I	M	Q	I	I	K	E	A	T	I	P	A	A	G	S	Q	S	L	-	-	N	H	D	-	L	T	G	S	-	L	-	D	I	D	D	-	D	M	-	-	-	-	D	S	D	P	-	D	L	D	L	D	S	S	G	E	I	V	Y	A	M	*
Nben07g04820	-	-	-	-	-	-	-	-	-	-	-	-	-	-	-	-	-	-	-	-	-	-	-	-	-	-	-	-	-	-	-	-	-	-	-	-	-	-	-	M	-	-	-	-	-	-	-	-	-	-	D	R	T	A	-	L	T	-	V	G	P	-	G	M	D	V	P	-	-	I	M	H	D	S	D	R	Y	E	L	V	R	D	I	G	S	G	N	F	G	V	A	R	L	M	R	D	R	Q	T	N	E	L	V	A	V	K	Y	I	E	R	G	A	K	-	I	D	E	N	V	Q	R	E	I	I	N	H	R	S	L	R	H	P	N	I	V	R	F	K	E	V	-	-	-	-	-	-	I	L	T	P	T	H	L	A	I	V	M	E	F	A	S	G	G	E	L	F	E	R	I	C	N	A	G	R	F	S	E	D	E	A	R	F	F	F	Q	Q	L	V	S	G	V	S	Y	C	H	A	M	Q	V	C	H	R	D	L	K	L	E	N	T	L	L	D	G	S	P	A	P	R	L	K	I	C	D	F	G	Y	S	K	-	-	-	-	-	-	-	S	S	V	L	H	S	Q	P	K	S	T	V	G	T	P	A	Y	I	A	P	E	V	L	L	K	K	E	Y	D	G	K	-	-	-	-	-	-	-	-	-	-	-	-	-	-	I	A	D	V	W	S	C	G	V	T	L	Y	V	M	L	V	G	A	Y	P	F	E	D	P	E	E	P	K	N	F	R	K	T	I	Q	R	I	L	N	V	Q	Y	S	I	P	D	Y	V	H	I	S	A	E	C	R	H	L	F	S	R	I	F	V	A	D	P	A	K	R	I	T	M	P	E	I	K	N	H	E	W	F	L	K	N	L	P	A	D	L	M	D	N	N	T	-	N	-	N	Q	F	E	E	A	D	Q	P	M	Q	S	I	D	E	I	M	Q	I	I	A	E	A	T	I	P	A	A	G	T	N	N	L	-	-	N	M	Y	-	L	T	G	C	-	L	-	D	I	D	D	-	D	M	D	K	D	L	E	S	D	A	-	D	L	D	I	D	S	S	G	E	I	V	Y	A	M	*
Nben11g22880	-	-	-	-	-	-	-	-	-	-	-	-	-	-	-	-	-	-	-	-	-	-	-	-	-	-	-	-	-	-	-	-	-	-	-	-	-	-	-	M	-	-	-	-	-	-	-	-	-	-	D	R	V	A	-	M	T	-	V	G	A	-	G	M	D	V	P	-	-	I	M	H	D	S	D	R	Y	E	L	V	K	D	I	G	S	G	N	F	G	V	A	R	L	M	R	D	R	Q	T	N	E	L	V	A	V	K	Y	I	E	R	G	E	K	-	I	D	E	N	V	K	R	E	I	I	N	H	R	S	L	R	H	P	N	I	V	R	F	K	E	V	-	-	-	-	-	-	I	L	T	P	T	H	L	A	I	V	M	E	Y	A	S	G	G	E	L	F	E	R	I	C	N	A	G	R	F	S	E	D	E	A	R	F	F	F	Q	Q	L	I	S	G	V	S	Y	C	H	A	M	Q	V	C	H	R	D	L	K	L	E	N	T	L	L	D	G	S	P	A	P	R	L	K	I	C	D	F	G	Y	S	K	-	-	-	-	-	-	-	S	S	V	L	H	S	Q	P	K	S	T	V	G	T	P	A	Y	I	A	P	E	V	L	L	K	K	E	Y	D	G	K	-	-	-	-	-	-	-	-	-	-	-	-	-	-	I	A	D	V	W	S	C	G	V	T	L	Y	V	M	L	V	G	A	Y	P	F	E	D	P	E	E	P	K	N	F	R	K	T	I	Q	R	I	L	N	V	Q	Y	S	I	P	D	Y	V	H	I	S	P	E	C	R	H	L	I	S	R	I	F	V	A	D	P	A	K	R	I	T	I	P	E	I	K	N	H	E	W	F	L	R	N	L	P	A	D	L	M	D	D	N	M	T	N	-	N	Q	F	E	E	P	E	Q	R	M	Q	S	I	D	E	I	M	Q	I	I	T	E	A	T	I	P	A	A	G	T	N	S	L	-	-	N	H	Y	-	L	T	G	S	-	L	-	D	I	D	D	-	E	M	E	E	D	L	E	S	D	P	-	D	L	D	I	D	S	S	G	E	I	V	Y	A	M	*
Nben01g42820	-	-	-	-	-	-	-	-	-	-	-	-	-	-	-	-	-	-	-	-	-	-	-	-	-	-	-	-	-	-	-	-	-	-	-	-	-	-	-	M	-	-	-	-	-	-	-	-	-	-	D	R	V	A	-	M	T	-	V	G	A	-	G	M	D	V	P	-	-	I	M	H	D	S	D	T	Y	E	L	V	K	D	I	G	S	G	N	F	G	V	A	R	L	M	R	D	R	Q	T	N	E	L	V	A	V	K	Y	I	E	R	G	E	K	-	I	D	E	N	V	K	R	E	I	I	N	H	R	S	L	R	H	P	N	I	V	R	F	K	E	V	-	-	-	-	-	-	I	L	T	P	T	H	L	A	I	V	M	E	Y	A	S	G	G	E	L	F	E	R	I	C	N	A	G	R	F	S	E	D	E	A	R	F	F	F	Q	Q	L	I	S	G	V	S	Y	C	H	A	M	Q	V	C	H	R	D	L	K	L	E	N	T	L	L	D	G	S	P	A	P	R	L	K	I	C	D	F	G	Y	S	K	-	-	-	-	-	-	-	S	S	V	L	H	S	Q	P	K	S	T	V	G	T	P	A	Y	I	A	P	E	V	L	L	K	K	E	Y	D	G	K	-	-	-	-	-	-	-	-	-	-	-	-	-	-	I	A	D	V	W	S	C	G	V	T	L	Y	V	M	L	V	G	A	Y	P	F	E	D	P	E	E	P	K	N	F	R	K	T	I	Q	R	I	L	N	V	Q	Y	S	I	P	D	Y	V	H	I	S	L	E	C	R	H	L	I	S	R	I	F	V	A	D	P	A	K	R	I	M	I	P	E	I	K	N	H	E	W	F	L	R	N	L	P	A	D	L	M	D	D	N	M	T	N	-	N	Q	F	E	E	P	D	Q	R	M	Q	S	I	D	E	I	M	Q	I	I	T	E	A	T	I	P	A	A	G	T	N	S	L	-	-	N	H	Y	-	L	T	G	S	-	L	-	D	I	D	D	-	E	M	E	E	D	L	E	S	D	P	-	D	L	D	I	D	S	S	G	E	I	V	Y	A	M	*
Glyma.07G178600.1	-	-	-	-	-	-	-	-	-	-	-	-	-	-	-	-	-	-	-	-	-	-	-	-	-	-	-	-	-	-	-	-	-	-	-	-	-	-	-	M	-	-	-	-	-	-	-	-	-	-	D	R	S	A	-	M	T	-	V	G	P	-	G	M	D	M	P	-	-	I	M	H	D	S	D	K	Y	E	L	V	R	D	I	G	S	G	N	F	G	V	A	R	L	M	R	D	K	H	T	E	E	L	V	A	V	K	Y	I	E	R	G	D	K	-	I	D	E	N	V	R	R	E	I	I	N	H	R	S	L	R	H	P	N	I	V	R	F	K	E	V	C	S	L	N	S	I	I	L	T	P	T	H	L	A	I	V	M	E	Y	A	S	G	G	E	L	F	E	R	I	C	N	A	G	R	F	S	E	D	E	A	R	F	F	F	Q	Q	L	I	S	G	V	S	Y	C	H	A	M	Q	V	C	H	R	D	L	K	L	E	N	T	L	L	D	G	S	P	A	P	R	L	K	I	C	D	F	G	Y	S	K	-	-	-	-	-	-	-	S	S	V	L	H	S	Q	P	K	S	T	V	G	T	P	A	Y	I	A	P	E	V	L	L	K	K	E	Y	D	G	K	-	-	-	-	-	-	-	-	-	-	-	-	-	-	I	A	D	V	W	S	C	G	V	T	L	Y	V	M	L	V	G	A	Y	P	F	E	D	P	E	E	P	K	N	F	R	K	T	I	H	R	I	L	K	V	Q	Y	S	I	P	D	Y	V	H	I	S	S	E	C	R	H	L	I	S	R	I	F	V	A	D	P	A	Q	R	I	S	I	P	E	I	R	N	H	E	W	F	L	K	N	L	P	A	D	L	M	V	E	N	T	M	N	-	R	Q	F	E	E	P	D	Q	P	M	Q	S	I	E	E	I	M	Q	I	I	S	E	A	T	I	P	A	A	G	T	Q	S	L	-	-	N	Q	Y	-	L	T	G	S	-	L	-	D	I	D	D	D	D	M	D	E	D	L	E	T	D	P	-	D	L	D	I	D	S	S	G	E	I	V	Y	A	I	*
Glyma.20G009600.1	-	-	-	-	-	-	-	-	-	-	-	-	-	-	-	-	-	-	-	-	-	-	-	-	-	-	-	-	-	-	-	-	-	-	-	-	-	-	-	M	-	-	-	-	-	-	-	-	-	-	D	R	S	A	-	M	T	-	V	G	P	-	G	M	D	M	P	-	-	I	M	H	D	S	D	R	Y	E	L	V	R	D	I	G	S	G	N	F	G	V	A	R	L	M	R	D	K	H	T	E	E	L	V	A	V	K	Y	I	E	R	G	D	K	-	I	D	E	N	V	R	R	E	I	I	N	H	R	S	L	R	H	P	N	I	V	R	F	K	E	V	-	-	-	-	-	-	I	L	T	P	T	H	L	A	I	V	M	E	Y	A	S	G	G	E	L	F	E	R	I	C	N	A	G	R	F	S	E	D	E	A	R	F	F	F	Q	Q	L	I	S	G	V	S	Y	C	H	A	M	Q	V	C	H	R	D	L	K	L	E	N	T	L	L	D	G	S	P	A	P	R	L	K	I	C	D	F	G	Y	S	K	-	-	-	-	-	-	-	S	S	V	L	H	S	Q	P	K	S	T	V	G	T	P	A	Y	I	A	P	E	V	L	L	K	K	E	Y	D	G	K	-	-	-	-	-	-	-	-	-	-	-	-	-	-	I	A	D	V	W	S	C	G	V	T	L	Y	V	M	L	V	G	A	Y	P	F	E	D	P	E	E	P	K	N	F	R	K	T	I	H	R	I	L	K	V	Q	Y	S	I	P	D	Y	V	H	I	S	P	E	C	R	H	L	I	S	R	I	F	V	A	D	P	A	Q	R	I	S	I	P	E	I	R	N	H	E	W	F	L	R	N	L	P	A	D	L	M	V	E	N	T	M	N	-	N	Q	F	E	E	P	D	Q	P	M	Q	S	I	E	E	I	M	Q	I	I	S	E	A	T	I	P	A	A	G	T	Q	S	L	-	-	N	Q	Y	-	L	T	G	S	-	L	-	D	I	D	D	D	D	M	D	E	D	L	E	T	D	P	-	D	L	D	I	D	S	S	G	E	I	V	Y	A	M	*
Glyma.07G178600.2	-	-	-	-	-	-	-	-	-	-	-	-	-	-	-	-	-	-	-	-	-	-	-	-	-	-	-	-	-	-	-	-	-	-	-	-	-	-	-	M	-	-	-	-	-	-	-	-	-	-	D	R	S	A	-	M	T	-	V	G	P	-	G	M	D	M	P	-	-	I	M	H	D	S	D	K	Y	E	L	V	R	D	I	G	S	G	N	F	G	V	A	R	L	M	R	D	K	H	T	E	E	L	V	A	V	K	Y	I	E	R	G	D	K	-	I	D	E	N	V	R	R	E	I	I	N	H	R	S	L	R	H	P	N	I	V	R	F	K	E	I	-	-	-	-	-	-	I	L	T	P	T	H	L	A	I	V	M	E	Y	A	S	G	G	E	L	F	E	R	I	C	N	A	G	R	F	S	E	D	E	A	R	F	F	F	Q	Q	L	I	S	G	V	S	Y	C	H	A	M	Q	V	C	H	R	D	L	K	L	E	N	T	L	L	D	G	S	P	A	P	R	L	K	I	C	D	F	G	Y	S	K	-	-	-	-	-	-	-	S	S	V	L	H	S	Q	P	K	S	T	V	G	T	P	A	Y	I	A	P	E	V	L	L	K	K	E	Y	D	G	K	-	-	-	-	-	-	-	-	-	-	-	-	-	-	I	A	D	V	W	S	C	G	V	T	L	Y	V	M	L	V	G	A	Y	P	F	E	D	P	E	E	P	K	N	F	R	K	T	I	H	R	I	L	K	V	Q	Y	S	I	P	D	Y	V	H	I	S	S	E	C	R	H	L	I	S	R	I	F	V	A	D	P	A	Q	R	I	S	I	P	E	I	R	N	H	E	W	F	L	K	N	L	P	A	D	L	M	V	E	N	T	M	N	-	R	Q	F	E	E	P	D	Q	P	M	Q	S	I	E	E	I	M	Q	I	I	S	E	A	T	I	P	A	A	G	T	Q	S	L	-	-	N	Q	Y	-	L	T	G	S	-	L	-	D	I	D	D	D	D	M	D	E	D	L	E	T	D	P	-	D	L	D	I	D	S	S	G	E	I	V	Y	A	I	*
Glyma.01G183500.4	-	-	-	-	-	-	-	-	-	-	-	-	-	-	-	-	-	-	-	-	-	-	-	-	-	-	-	-	-	-	-	-	-	-	-	-	-	-	-	M	-	-	-	-	-	-	-	-	-	-	D	R	P	A	-	-	-	-	T	G	P	-	G	V	D	M	P	-	-	I	M	H	D	S	D	R	Y	D	F	V	R	D	I	G	S	G	N	F	G	V	A	R	L	M	R	D	K	Q	T	Q	E	L	V	A	V	K	Y	I	E	R	G	D	K	-	I	D	E	N	V	K	R	E	I	I	N	H	R	S	L	R	H	P	N	I	I	R	F	K	E	V	-	-	-	-	-	-	I	L	T	P	T	H	L	A	I	V	M	E	Y	A	S	G	G	E	L	F	E	K	I	C	N	A	G	R	F	N	E	D	E	A	R	F	F	F	Q	Q	L	I	S	G	V	S	Y	C	H	A	M	E	V	C	H	R	D	L	K	L	E	N	T	L	L	D	G	S	P	A	L	H	L	K	I	C	D	F	G	Y	S	K	-	-	-	-	-	-	-	S	S	V	L	H	S	Q	P	K	S	T	V	G	T	P	A	Y	I	A	P	E	V	L	L	K	Q	E	Y	D	G	K	-	-	-	-	-	-	-	-	-	-	-	-	-	-	I	A	D	V	W	S	C	G	V	T	L	F	V	M	L	V	G	S	Y	P	F	E	D	P	N	D	P	K	D	F	R	K	T	I	Q	R	V	L	S	V	Q	Y	S	I	P	D	N	V	Q	V	S	P	E	C	R	H	L	I	S	R	I	F	V	F	D	P	A	E	-	-	-	-	-	-	-	-	-	-	-	-	-	-	-	-	-	-	-	-	-	-	-	-	-	I	M	G	-	N	Q	F	V	E	S	D	Q	P	M	Q	N	I	D	T	I	M	Q	I	I	S	E	A	T	I	P	A	A	G	T	Y	S	L	-	-	D	Q	F	-	M	A	D	N	-	I	-	-	I	D	D	-	D	M	D	-	E	L	D	S	D	F	-	E	L	D	V	D	S	S	G	E	I	V	Y	A	I	*
Glyma.01G183500.1	-	-	-	-	-	-	-	-	-	-	-	-	-	-	-	-	-	-	-	-	-	-	-	-	-	-	-	-	-	-	-	-	-	-	-	-	-	-	-	M	-	-	-	-	-	-	-	-	-	-	D	R	P	A	-	-	-	-	T	G	P	-	G	V	D	M	P	-	-	I	M	H	D	S	D	R	Y	D	F	V	R	D	I	G	S	G	N	F	G	V	A	R	L	M	R	D	K	Q	T	Q	E	L	V	A	V	K	Y	I	E	R	G	D	K	-	I	D	E	N	V	K	R	E	I	I	N	H	R	S	L	R	H	P	N	I	I	R	F	K	E	V	-	-	-	-	-	-	I	L	T	P	T	H	L	A	I	V	M	E	Y	A	S	G	G	E	L	F	E	K	I	C	N	A	G	R	F	N	E	D	E	A	R	F	F	F	Q	Q	L	I	S	G	V	S	Y	C	H	A	M	E	V	C	H	R	D	L	K	L	E	N	T	L	L	D	G	S	P	A	L	H	L	K	I	C	D	F	G	Y	S	K	-	-	-	-	-	-	-	S	S	V	L	H	S	Q	P	K	S	T	V	G	T	P	A	Y	I	A	P	E	V	L	L	K	Q	E	Y	D	G	K	-	-	-	-	-	-	-	-	-	-	-	-	-	-	I	A	D	V	W	S	C	G	V	T	L	F	V	M	L	V	G	S	Y	P	F	E	D	P	N	D	P	K	D	F	R	K	T	I	Q	R	V	L	S	V	Q	Y	S	I	P	D	N	V	Q	V	S	P	E	C	R	H	L	I	S	R	I	F	V	F	D	P	A	E	R	I	T	I	P	E	I	L	Q	N	E	W	F	L	K	N	L	P	P	Y	L	M	D	E	K	I	M	G	-	N	Q	F	V	E	S	D	Q	P	M	Q	N	I	D	T	I	M	Q	I	I	S	E	A	T	I	P	A	A	G	T	Y	S	L	-	-	D	Q	F	-	M	A	D	N	-	I	-	-	I	D	D	-	D	M	D	-	E	L	D	S	D	F	-	E	L	D	V	D	S	S	G	E	I	V	Y	A	I	*
Glyma.11G058800.1	-	-	-	-	-	-	-	-	-	-	-	-	-	-	-	-	-	-	-	-	-	-	-	-	-	-	-	-	-	-	-	-	-	-	-	-	-	-	-	M	-	-	-	-	-	-	-	-	-	-	D	R	P	A	-	-	-	-	T	G	P	-	G	V	D	M	P	-	-	I	M	H	D	S	D	R	Y	D	F	V	R	D	I	G	S	G	N	F	G	V	A	R	L	M	R	D	K	Q	T	Q	E	L	V	A	V	K	Y	I	E	R	G	D	K	-	I	D	E	N	V	K	R	E	I	I	N	H	R	S	L	R	H	P	N	I	I	R	F	K	E	V	-	-	-	-	-	-	I	L	T	P	T	H	L	A	I	V	M	E	Y	A	S	G	G	E	L	F	E	K	I	C	N	A	G	H	F	N	E	D	E	A	R	F	F	F	Q	Q	L	I	S	G	V	S	Y	C	H	A	M	E	V	C	H	R	D	L	K	L	E	N	T	L	L	D	G	S	P	A	L	H	L	K	I	C	D	F	G	Y	S	K	-	-	-	-	-	-	-	S	S	V	L	H	S	Q	P	K	S	T	V	G	T	P	A	Y	I	A	P	E	V	L	L	K	Q	E	Y	D	G	K	-	-	-	-	-	-	-	-	-	-	-	-	-	-	I	A	D	V	W	S	C	G	V	T	L	F	V	M	L	V	G	S	Y	P	F	E	D	P	N	D	P	K	D	F	R	K	T	I	Q	R	V	L	S	V	Q	Y	S	I	P	D	N	V	Q	V	S	P	E	C	R	H	L	I	S	R	I	F	V	F	D	P	A	E	R	I	T	I	P	E	I	L	Q	N	E	W	F	L	K	N	L	P	P	Y	L	M	D	E	K	I	M	G	-	N	Q	F	V	E	S	D	Q	P	M	Q	S	I	D	T	I	M	Q	I	I	S	E	A	T	I	P	A	A	G	T	Y	S	L	-	-	D	Q	F	-	M	A	D	N	-	I	-	-	I	D	D	-	D	M	D	-	E	L	D	S	D	F	-	E	L	D	V	D	S	S	G	E	I	V	Y	A	I	*
AT3G50500.1	-	-	-	-	-	-	-	-	-	-	-	-	-	-	-	-	-	-	-	-	-	-	-	-	-	-	-	-	-	-	-	-	-	-	-	-	-	-	-	M	-	-	-	-	-	-	-	-	-	-	D	P	A	T	-	N	S	-	P	I	M	-	P	I	D	L	P	-	-	I	M	H	D	S	D	R	Y	D	F	V	K	D	I	G	S	G	N	F	G	V	A	R	L	M	T	D	R	V	T	K	E	L	V	A	V	K	Y	I	E	R	G	E	K	-	I	D	E	N	V	Q	R	E	I	I	N	H	R	S	L	R	H	P	N	I	V	R	F	K	E	V	-	-	-	-	-	-	I	L	T	P	S	H	L	A	I	V	M	E	Y	A	A	G	G	E	L	Y	E	R	I	C	N	A	G	R	F	S	E	D	E	A	R	F	F	F	Q	Q	L	I	S	G	V	S	Y	C	H	A	M	Q	I	C	H	R	D	L	K	L	E	N	T	L	L	D	G	S	P	A	P	R	L	K	I	C	D	F	G	Y	S	K	-	-	-	-	-	-	-	S	S	V	L	H	S	Q	P	K	S	T	V	G	T	P	A	Y	I	A	P	E	I	L	L	R	Q	E	Y	D	G	K	-	-	-	-	-	-	-	-	-	-	-	-	-	-	L	A	D	V	W	S	C	G	V	T	L	Y	V	M	L	V	G	A	Y	P	F	E	D	P	Q	E	P	R	D	Y	R	K	T	I	Q	R	I	L	S	V	T	Y	S	I	P	E	D	L	H	L	S	P	E	C	R	H	L	I	S	R	I	F	V	A	D	P	A	T	R	I	T	I	P	E	I	T	S	D	K	W	F	L	K	N	L	P	G	D	L	M	D	E	N	R	M	G	-	S	Q	F	Q	E	P	E	Q	P	M	Q	S	L	D	T	I	M	Q	I	I	S	E	A	T	I	P	T	V	R	N	R	C	L	-	-	D	D	F	-	M	A	D	N	-	L	-	D	L	D	D	-	D	M	D	-	D	F	D	S	E	S	-	E	I	D	V	D	S	S	G	E	I	V	Y	A	-	L
AT3G50500.2	-	-	-	-	-	-	-	-	-	-	-	-	-	-	-	-	-	-	-	-	-	-	-	-	-	-	-	-	-	-	-	-	-	-	-	-	-	-	-	M	-	-	-	-	-	-	-	-	-	-	D	P	A	T	-	N	S	-	P	I	M	-	P	I	D	L	P	-	-	I	M	H	D	S	D	R	Y	D	F	V	K	D	I	G	S	G	N	F	G	V	A	R	L	M	T	D	R	V	T	K	E	L	V	A	V	K	Y	I	E	R	G	E	K	-	I	D	E	N	V	Q	R	E	I	I	N	H	R	S	L	R	H	P	N	I	V	R	F	K	E	V	-	-	-	-	-	-	I	L	T	P	S	H	L	A	I	V	M	E	Y	A	A	G	G	E	L	Y	E	R	I	C	N	A	G	R	F	S	E	D	E	A	R	F	F	F	Q	Q	L	I	S	G	V	S	Y	C	H	A	M	Q	I	C	H	R	D	L	K	L	E	N	T	L	L	D	G	S	P	A	P	R	L	K	I	C	D	F	G	Y	S	K	V	L	F	I	S	L	K	S	S	V	L	H	S	Q	P	K	S	T	V	G	T	P	A	Y	I	A	P	E	I	L	L	R	Q	E	Y	D	G	K	-	-	-	-	-	-	-	-	-	-	-	-	-	-	L	A	D	V	W	S	C	G	V	T	L	Y	V	M	L	V	G	A	Y	P	F	E	D	P	Q	E	P	R	D	Y	R	K	T	I	Q	R	I	L	S	V	T	Y	S	I	P	E	D	L	H	L	S	P	E	C	R	H	L	I	S	R	I	F	V	A	D	P	A	T	R	I	T	I	P	E	I	T	S	D	K	W	F	L	K	N	L	P	G	D	L	M	D	E	N	R	M	G	-	S	Q	F	Q	E	P	E	Q	P	M	Q	S	L	D	T	I	M	Q	I	I	S	E	A	T	I	P	T	V	R	N	R	C	L	-	-	D	D	F	-	M	A	D	N	-	L	-	D	L	D	D	-	D	M	D	-	D	F	D	S	E	S	-	E	I	D	V	D	S	S	G	E	I	V	Y	A	-	L
TraesCS5B02G406400.1	-	-	-	-	-	-	-	-	-	-	-	-	-	-	-	-	-	-	-	-	-	-	-	-	-	-	-	-	-	-	-	-	-	-	-	-	-	-	-	M	A	G	A	-	-	-	-	-	A	P	D	R	A	A	-	L	T	-	V	G	P	-	G	M	D	M	P	-	-	I	M	H	D	S	D	R	Y	E	L	V	R	D	I	G	S	G	N	F	G	V	A	R	L	M	R	D	R	R	T	M	E	L	V	A	V	K	Y	I	E	R	G	E	K	-	I	D	E	N	V	Q	R	E	I	I	N	H	R	S	L	K	H	P	N	I	I	R	F	K	E	V	-	-	-	-	-	-	I	L	T	P	T	H	L	A	I	V	M	E	Y	A	S	G	G	E	L	F	E	R	I	C	K	N	I	R	F	S	E	D	E	A	R	Y	F	F	Q	Q	L	I	S	G	V	S	Y	C	H	S	M	Q	V	C	H	R	D	L	K	L	E	N	T	L	L	D	G	S	P	A	P	R	L	K	I	C	D	F	G	Y	S	K	-	-	-	-	-	-	-	S	S	V	L	H	S	Q	P	K	S	T	V	G	T	P	A	Y	I	A	P	E	V	L	L	K	K	E	Y	D	G	K	-	-	-	-	-	-	-	-	-	-	-	-	-	-	I	A	D	V	W	S	C	G	V	T	L	Y	V	M	V	V	G	A	Y	P	F	E	D	P	E	E	P	K	N	F	R	K	T	I	Q	R	I	L	S	V	Q	Y	S	I	P	D	N	V	D	I	S	P	E	C	R	H	L	I	S	R	I	F	V	G	D	P	A	L	R	I	T	I	P	E	I	R	S	H	N	W	F	L	K	N	L	P	A	D	L	M	D	D	D	S	M	S	-	S	Q	Y	E	E	P	E	Q	R	M	Q	T	M	D	E	I	M	Q	I	L	T	E	A	T	I	P	P	A	C	S	R	-	I	-	-	N	H	I	-	L	T	D	G	-	F	-	D	M	D	D	-	D	M	D	-	D	L	E	S	D	S	-	D	L	D	I	D	S	S	G	E	I	V	Y	A	-	M
TraesCS5D02G411900.1	-	-	-	-	-	-	-	-	-	-	-	-	-	-	-	-	-	-	-	-	-	-	-	-	-	-	-	-	-	-	-	-	-	-	-	-	-	-	-	M	A	G	A	-	-	-	-	-	A	P	D	R	A	A	-	L	T	-	V	G	P	-	G	M	D	M	P	-	-	I	M	H	D	S	D	R	Y	E	L	V	R	D	I	G	S	G	N	F	G	V	A	R	L	M	R	D	R	R	T	M	E	L	V	A	V	K	Y	I	E	R	G	E	K	-	I	D	E	N	V	Q	R	E	I	I	N	H	R	S	L	K	H	P	N	I	I	R	F	K	E	V	-	-	-	-	-	-	I	L	T	P	T	H	L	A	I	V	M	E	Y	A	S	G	G	E	L	F	E	R	I	C	K	N	I	R	F	S	E	D	E	A	R	Y	F	F	Q	Q	L	I	S	G	V	S	Y	C	H	S	M	Q	V	C	H	R	D	L	K	L	E	N	T	L	L	D	G	S	P	A	P	R	L	K	I	C	D	F	G	Y	S	K	-	-	-	-	-	-	-	S	S	V	L	H	S	Q	P	K	S	T	V	G	T	P	A	Y	I	A	P	E	V	L	L	K	K	E	Y	D	G	K	-	-	-	-	-	-	-	-	-	-	-	-	-	-	I	A	D	V	W	S	C	G	V	T	L	Y	V	M	V	V	G	A	Y	P	F	E	D	P	E	E	P	K	N	F	R	K	T	I	Q	R	I	L	S	V	Q	Y	S	I	P	D	N	V	D	I	S	P	E	C	R	H	L	I	S	R	I	F	V	G	D	P	A	L	R	I	T	I	P	E	I	R	S	H	N	W	F	L	K	N	L	P	A	D	L	M	D	D	D	S	M	S	-	S	Q	Y	E	E	P	E	Q	R	M	Q	T	M	D	E	I	M	Q	I	L	T	E	A	T	I	P	P	A	C	S	R	-	I	-	-	N	H	I	-	L	T	D	G	-	F	-	D	M	D	D	-	D	M	D	-	D	L	E	S	D	S	-	D	L	D	I	D	S	S	G	E	I	V	Y	A	-	M
TraesCS5A02G401700.1	-	-	-	-	-	-	-	-	-	-	-	-	-	-	-	-	-	-	-	-	-	-	-	-	-	-	-	-	-	-	-	-	-	-	-	-	-	-	-	M	A	G	A	-	-	-	-	-	A	P	D	R	A	A	-	L	T	-	V	G	P	-	G	M	D	M	P	-	-	I	M	H	D	S	D	R	Y	E	L	V	R	D	I	G	S	G	N	F	G	V	A	R	L	M	R	D	R	R	T	M	E	L	V	A	V	K	Y	I	E	R	G	E	K	-	I	D	E	N	V	Q	R	E	I	I	N	H	R	S	L	K	H	P	N	I	I	R	F	K	E	V	-	-	-	-	-	-	I	L	T	P	T	H	L	A	I	V	M	E	Y	A	S	G	G	E	L	F	E	R	I	C	K	N	I	R	F	S	E	D	E	A	R	Y	F	F	Q	Q	L	I	S	G	V	S	Y	C	H	S	M	Q	V	C	H	R	D	L	K	L	E	N	T	L	L	D	G	S	P	A	P	R	L	K	I	C	D	F	G	Y	S	K	-	-	-	-	-	-	-	S	S	V	L	H	S	Q	P	K	S	T	V	G	T	P	A	Y	I	A	P	E	V	L	L	K	K	E	Y	D	G	K	-	-	-	-	-	-	-	-	-	-	-	-	-	-	I	A	D	V	W	S	C	G	V	T	L	Y	V	M	V	V	G	A	Y	P	F	E	D	P	E	E	P	K	N	F	R	K	T	I	Q	R	I	L	S	V	Q	Y	S	I	P	D	N	V	D	I	S	P	E	C	R	H	L	I	S	R	I	F	V	G	D	P	A	L	R	I	T	I	P	E	I	R	S	H	N	W	F	L	K	N	L	P	A	D	L	M	D	D	D	S	M	S	-	S	Q	Y	E	E	P	E	Q	R	M	Q	T	M	D	E	I	M	Q	I	L	T	E	A	T	I	P	P	A	C	S	R	-	I	-	-	N	H	I	-	L	T	D	G	-	F	-	D	M	D	D	-	D	M	D	-	D	L	E	S	D	S	-	D	L	D	I	D	S	S	G	E	I	V	Y	A	-	M
LOC_Os03g55600.1	-	-	-	-	-	-	-	-	-	-	-	-	-	-	-	-	-	-	-	-	-	-	-	-	-	-	-	-	-	-	-	-	-	-	-	-	-	-	-	M	A	A	A	G	A	G	A	G	A	P	D	R	A	A	-	L	T	-	V	G	P	-	G	M	D	M	P	-	-	I	M	H	D	S	D	R	Y	E	L	V	R	D	I	G	S	G	N	F	G	V	A	R	L	M	R	D	R	R	T	M	E	L	V	A	V	K	Y	I	E	R	G	E	K	-	I	D	D	N	V	Q	R	E	I	I	N	H	R	S	L	K	H	P	N	I	I	R	F	K	E	V	-	-	-	-	-	-	I	L	T	P	T	H	L	A	I	V	M	E	Y	A	S	G	G	E	L	F	E	R	I	C	K	N	V	R	F	S	E	D	E	A	R	Y	F	F	Q	Q	L	I	S	G	V	S	Y	C	H	S	M	Q	V	C	H	R	D	L	K	L	E	N	T	L	L	D	G	S	P	A	P	R	L	K	I	C	D	F	G	Y	S	K	-	-	-	-	-	-	-	S	S	V	L	H	S	Q	P	K	S	T	V	G	T	P	A	Y	I	A	P	E	V	L	L	K	K	E	Y	D	G	K	-	-	-	-	-	-	-	-	-	-	-	-	-	-	T	A	D	V	W	S	C	G	V	T	L	Y	V	M	V	V	G	A	Y	P	F	E	D	P	E	E	P	K	N	F	R	K	T	I	Q	R	I	L	N	V	Q	Y	S	I	P	E	N	V	D	I	S	P	E	C	R	H	L	I	S	R	I	F	V	G	D	P	S	L	R	I	T	I	P	E	I	R	S	H	G	W	F	L	K	N	L	P	A	D	L	M	D	D	D	S	M	S	-	S	Q	Y	E	E	P	D	Q	P	M	Q	T	M	D	Q	I	M	Q	I	L	T	E	A	T	I	P	P	A	C	S	R	-	I	-	-	N	H	I	-	L	T	D	G	-	L	-	D	L	D	D	-	D	M	D	-	D	L	D	S	D	S	-	D	I	D	V	D	S	S	G	E	I	V	Y	A	-	M
TraesCS4D02G078100.2	-	-	-	-	-	-	-	-	-	-	-	-	-	-	-	-	-	-	-	-	-	-	-	-	-	-	-	-	-	-	-	-	-	-	-	-	-	-	-	M	-	-	-	-	-	-	-	-	-	-	D	R	A	A	-	L	T	-	V	G	P	-	G	M	D	M	P	-	-	I	M	H	D	G	D	R	Y	E	L	V	K	D	I	G	S	G	N	F	G	V	A	R	L	M	R	N	R	A	D	G	Q	L	V	A	V	K	Y	I	E	R	G	E	K	-	I	D	E	N	V	Q	R	E	I	I	N	H	R	S	L	R	H	P	N	I	I	R	F	K	E	V	-	-	-	-	-	-	I	L	T	P	T	H	L	A	I	V	M	E	Y	A	S	G	G	E	L	F	E	R	I	C	N	A	G	R	F	S	E	D	E	A	R	F	F	F	Q	Q	L	L	S	G	V	S	Y	C	H	S	M	Q	V	C	H	R	D	L	K	L	E	N	T	L	L	D	G	S	T	A	P	R	L	K	I	C	D	F	G	Y	S	K	-	-	-	-	-	-	-	S	S	V	L	H	S	Q	P	K	S	T	V	G	T	P	A	Y	I	A	P	E	V	L	L	K	K	E	Y	D	G	K	-	-	-	-	-	-	-	-	-	-	-	-	-	-	I	A	D	V	W	S	C	G	V	T	L	Y	V	M	L	V	G	A	Y	P	F	E	D	P	D	E	P	K	N	F	R	K	T	I	Q	R	I	L	S	V	Q	Y	S	I	P	D	Y	V	H	I	S	S	E	C	R	D	L	I	A	K	I	F	V	G	N	P	A	T	R	I	T	I	P	E	I	R	N	H	P	W	F	L	K	N	L	P	A	D	L	V	D	D	S	T	M	S	-	S	Q	Y	E	E	P	E	Q	P	M	Q	S	M	D	E	I	M	Q	I	L	A	E	A	T	I	P	A	A	G	S	R	-	I	-	-	N	Q	F	-	L	N	D	G	-	L	-	D	L	D	D	-	D	M	D	-	D	L	D	S	D	A	-	D	L	D	V	E	S	S	G	E	I	V	Y	A	-	M
TraesCS4A02G235600.2	-	-	-	-	-	-	-	-	-	-	-	-	-	-	-	-	-	-	-	-	-	-	-	-	-	-	-	-	-	-	-	-	-	-	-	-	-	-	-	M	-	-	-	-	-	-	-	-	-	-	D	R	A	A	-	L	T	-	V	G	P	-	G	M	D	M	P	-	-	I	M	H	D	G	D	R	Y	E	L	V	K	D	I	G	S	G	N	F	G	V	A	R	L	M	R	N	R	A	D	G	Q	L	V	A	V	K	Y	I	E	R	G	E	K	-	I	D	E	N	V	Q	R	E	I	I	N	H	R	S	L	R	H	P	N	I	I	R	F	K	E	V	-	-	-	-	-	-	I	L	T	P	T	H	L	A	I	V	M	E	Y	A	S	G	G	E	L	F	E	R	I	C	N	A	G	R	F	S	E	D	E	A	R	F	F	F	Q	Q	L	L	S	G	V	S	Y	C	H	S	M	Q	V	C	H	R	D	L	K	L	E	N	T	L	L	D	G	S	T	A	P	R	L	K	I	C	D	F	G	Y	S	K	-	-	-	-	-	-	-	S	S	V	L	H	S	Q	P	K	S	T	V	G	T	P	A	Y	I	A	P	E	V	L	L	K	K	E	Y	D	G	K	-	-	-	-	-	-	-	-	-	-	-	-	-	-	I	A	D	V	W	S	C	G	V	T	L	Y	V	M	L	V	G	A	Y	P	F	E	D	P	D	E	P	K	N	F	R	K	T	I	Q	R	I	L	S	V	Q	Y	S	I	P	D	Y	V	H	I	S	S	E	C	R	D	L	I	A	K	I	F	V	G	N	P	A	T	R	I	T	I	P	E	I	R	N	H	P	W	F	L	K	N	L	P	A	D	L	V	D	D	S	T	M	S	-	S	Q	Y	E	E	P	E	Q	P	M	Q	S	M	D	E	I	M	Q	I	L	A	E	A	T	I	P	A	A	G	S	R	-	I	-	-	N	Q	F	-	L	N	D	G	-	L	-	D	L	D	D	-	D	M	D	-	D	L	D	S	D	A	-	D	L	D	V	E	S	S	G	E	I	V	Y	A	-	M
TraesCS4B02G079300.1	-	-	-	-	-	-	-	-	-	-	-	-	-	-	-	-	-	-	-	-	-	-	-	-	-	-	-	-	-	-	-	-	-	-	-	-	-	-	-	M	-	-	-	-	-	-	-	-	-	-	D	R	A	A	-	L	T	-	V	G	P	-	G	M	D	M	P	-	-	I	M	H	D	G	D	R	Y	E	L	V	K	D	I	G	S	G	N	F	G	V	A	R	L	M	R	N	R	A	D	G	Q	L	V	A	V	K	Y	I	E	R	G	E	K	-	I	D	E	N	V	Q	R	E	I	I	N	H	R	S	L	R	H	P	N	I	I	R	F	K	E	V	-	-	-	-	-	-	I	L	T	P	T	H	L	A	I	V	M	E	Y	A	S	G	G	E	L	F	E	R	I	C	N	A	G	R	F	S	E	D	E	A	R	F	F	F	Q	Q	L	L	S	G	V	S	Y	C	H	S	M	Q	V	C	H	R	D	L	K	L	E	N	T	L	L	D	G	S	T	A	P	R	L	K	I	C	D	F	G	Y	S	K	-	-	-	-	-	-	-	S	S	V	L	H	S	Q	P	K	S	T	V	G	T	P	A	Y	I	A	P	E	V	L	L	K	K	E	Y	D	G	K	-	-	-	-	-	-	-	-	-	-	-	-	-	-	I	A	D	V	W	S	C	G	V	T	L	Y	V	M	L	V	G	A	Y	P	F	E	D	P	D	E	P	K	N	F	R	K	T	I	Q	R	I	L	S	V	Q	Y	S	I	P	D	Y	V	H	I	S	A	E	C	R	D	L	I	A	K	I	F	V	G	N	P	A	T	R	I	T	I	P	E	I	R	N	H	P	W	F	L	K	N	L	P	A	D	L	V	D	D	S	T	M	S	-	S	Q	Y	E	E	P	E	Q	P	M	Q	S	M	D	E	I	M	Q	I	L	A	E	A	T	I	P	A	A	G	S	R	-	I	-	-	N	Q	F	-	L	N	D	G	-	L	-	D	L	D	D	-	D	M	D	-	D	L	D	S	D	A	-	D	L	D	V	E	S	S	G	E	I	V	Y	A	-	M
LOC_Os03g41460.1	-	-	-	-	-	-	-	-	-	-	-	-	-	-	-	-	-	-	-	-	-	-	-	-	-	-	-	-	-	-	-	-	-	-	-	-	-	-	-	M	-	-	-	-	-	-	-	-	-	-	D	R	A	A	-	L	T	-	V	G	P	-	G	M	D	M	P	-	-	I	M	H	D	G	D	R	Y	E	L	V	R	D	I	G	S	G	N	F	G	V	A	R	L	M	R	S	R	A	D	G	Q	L	V	A	V	K	Y	I	E	R	G	D	K	-	I	D	E	N	V	Q	R	E	I	I	N	H	R	S	L	R	H	P	N	I	I	R	F	K	E	V	-	-	-	-	-	-	I	L	T	P	T	H	L	A	I	V	M	E	Y	A	S	G	G	E	L	F	E	R	I	C	N	A	G	R	F	S	E	D	E	A	R	F	F	F	Q	Q	L	I	S	G	V	S	Y	C	H	S	M	Q	V	C	H	R	D	L	K	L	E	N	T	L	L	D	G	S	T	A	P	R	L	K	I	C	D	F	G	Y	S	K	-	-	-	-	-	-	-	S	S	V	L	H	S	Q	P	K	S	T	V	G	T	P	A	Y	I	A	P	E	V	L	L	K	K	E	Y	D	G	K	-	-	-	-	-	-	-	-	-	-	-	-	-	-	I	A	D	V	W	S	C	G	V	T	L	Y	V	M	L	V	G	A	Y	P	F	E	D	P	D	E	P	K	N	F	R	K	T	I	Q	R	I	L	G	V	Q	Y	S	I	P	D	Y	V	H	I	S	P	E	C	R	D	L	I	A	R	I	F	V	A	N	P	A	T	R	I	S	I	P	E	I	R	N	H	P	W	F	L	K	N	L	P	A	D	L	M	D	D	S	K	M	S	-	S	Q	Y	E	E	P	E	Q	P	M	Q	S	M	D	E	I	M	Q	I	L	A	E	A	T	I	P	A	A	G	S	G	G	I	-	-	N	Q	F	-	L	N	D	G	-	L	-	D	L	D	D	-	D	M	E	-	D	L	D	S	D	P	-	D	L	D	V	E	S	S	G	E	I	V	Y	A	-	M
AT5G66880.2	-	-	-	-	-	-	-	-	-	-	-	-	-	-	-	-	-	-	-	-	-	-	-	-	-	-	-	-	-	-	-	-	-	-	-	-	-	-	-	M	-	-	-	-	-	-	-	-	-	-	D	R	A	P	-	V	T	-	T	G	P	-	-	L	D	M	P	-	-	I	M	H	D	S	D	R	Y	D	F	V	K	D	I	G	S	G	N	F	G	V	A	R	L	M	R	D	K	L	T	K	E	L	V	A	V	K	Y	I	E	R	G	D	K	-	I	D	E	N	V	Q	R	E	I	I	N	H	R	S	L	R	H	P	N	I	V	R	F	K	E	V	-	-	-	-	-	-	I	L	T	P	T	H	L	A	I	I	M	E	Y	A	S	G	G	E	L	Y	E	R	I	C	N	A	G	R	F	S	E	D	E	A	R	F	F	F	Q	Q	L	L	S	G	V	S	Y	C	H	S	M	Q	I	C	H	R	D	L	K	L	E	N	T	L	L	D	G	S	P	A	P	R	L	K	I	C	D	F	G	Y	S	K	-	-	-	-	-	-	-	S	S	V	L	H	S	Q	P	K	S	T	V	G	T	P	A	Y	I	A	P	E	V	L	L	R	Q	E	Y	D	G	K	-	-	-	-	-	-	-	-	-	-	-	-	-	-	I	A	D	V	W	S	C	G	V	T	L	Y	V	M	L	V	G	A	Y	P	F	E	D	P	E	E	P	R	D	Y	R	K	T	I	Q	R	I	L	S	V	K	Y	S	I	P	D	D	I	R	I	S	P	E	C	C	H	L	I	S	R	I	F	V	A	D	P	A	T	R	I	S	I	P	E	I	K	T	H	S	W	F	L	K	N	L	P	A	D	L	M	N	E	S	N	T	G	-	S	Q	F	Q	E	P	E	Q	P	M	Q	S	L	D	T	I	M	Q	I	I	S	E	A	T	I	P	A	V	R	N	R	C	L	-	-	D	D	F	-	M	T	D	N	-	L	-	D	L	D	D	-	D	M	D	-	D	F	D	S	E	S	-	E	I	D	I	D	S	S	G	E	I	V	Y	A	-	L
AT5G66880.1	-	-	-	-	-	-	-	-	-	-	-	-	-	-	-	-	-	-	-	-	-	-	-	-	-	-	-	-	-	-	-	-	-	-	-	-	-	-	-	M	-	-	-	-	-	-	-	-	-	-	D	R	A	P	-	V	T	-	T	G	P	-	-	L	D	M	P	-	-	I	M	H	D	S	D	R	Y	D	F	V	K	D	I	G	S	G	N	F	G	V	A	R	L	M	R	D	K	L	T	K	E	L	V	A	V	K	Y	I	E	R	G	D	K	-	I	D	E	N	V	Q	R	E	I	I	N	H	R	S	L	R	H	P	N	I	V	R	F	K	E	V	-	-	-	-	-	-	I	L	T	P	T	H	L	A	I	I	M	E	Y	A	S	G	G	E	L	Y	E	R	I	C	N	A	G	R	F	S	E	D	E	A	R	F	F	F	Q	Q	L	L	S	G	V	S	Y	C	H	S	M	Q	I	C	H	R	D	L	K	L	E	N	T	L	L	D	G	S	P	A	P	R	L	K	I	C	D	F	G	Y	S	K	-	-	-	-	-	-	-	S	S	V	L	H	S	Q	P	K	S	T	V	G	T	P	A	Y	I	A	P	E	V	L	L	R	Q	E	Y	D	G	K	-	-	-	-	-	-	-	-	-	-	-	-	-	-	I	A	D	V	W	S	C	G	V	T	L	Y	V	M	L	V	G	A	Y	P	F	E	D	P	E	E	P	R	D	Y	R	K	T	I	Q	R	I	L	S	V	K	Y	S	I	P	D	D	I	R	I	S	P	E	C	C	H	L	I	S	R	I	F	V	A	D	P	A	T	R	I	S	I	P	E	I	K	T	H	S	W	F	L	K	N	L	P	A	D	L	M	N	E	S	N	T	G	-	S	Q	F	Q	E	P	E	Q	P	M	Q	S	L	D	T	I	M	Q	I	I	S	E	A	T	I	P	A	V	R	N	R	C	L	-	-	D	D	F	-	M	T	D	N	-	L	-	D	L	D	D	-	D	M	D	-	D	F	D	S	E	S	-	E	I	D	I	D	S	S	G	E	I	V	Y	A	-	L
LOC_Os12g39630.1	-	-	-	-	-	-	-	-	-	-	-	-	-	-	-	-	-	-	-	-	-	-	-	-	-	-	-	-	-	-	-	-	-	-	-	-	-	-	-	M	-	-	-	-	-	-	-	-	-	-	E	R	A	A	-	-	-	-	A	G	P	L	G	M	E	M	P	-	-	I	M	H	D	G	D	R	Y	E	L	V	K	E	I	G	S	G	N	F	G	V	A	R	L	M	R	N	R	A	S	G	D	L	V	A	V	K	Y	I	D	R	G	E	K	-	I	D	E	N	V	Q	R	E	I	I	N	H	R	S	L	R	H	P	N	I	I	R	F	K	E	V	-	-	-	-	-	-	I	L	T	P	T	H	L	A	I	V	M	E	Y	A	S	G	G	E	L	F	E	R	I	C	S	A	G	R	F	S	E	D	E	A	R	F	F	F	Q	Q	L	I	S	G	V	S	Y	C	H	S	M	Q	V	C	H	R	D	L	K	L	E	N	T	L	L	D	G	S	T	A	P	R	L	K	I	C	D	F	G	Y	S	K	-	-	-	-	-	-	-	S	S	V	L	H	S	Q	P	K	S	T	V	G	T	P	A	Y	I	A	P	E	V	L	L	K	K	E	Y	D	G	K	-	-	-	-	-	-	-	-	-	-	-	-	-	-	I	A	D	V	W	S	C	G	V	T	L	Y	V	M	L	V	G	A	Y	P	F	E	D	P	E	D	P	K	N	F	R	K	T	I	Q	K	I	L	G	V	Q	Y	S	I	P	D	Y	V	H	I	S	P	E	C	R	D	L	I	T	R	I	F	V	G	N	P	A	S	R	I	T	M	P	E	I	K	N	H	P	W	F	M	K	N	I	P	A	D	L	M	D	D	G	M	V	S	-	N	Q	Y	E	E	P	D	Q	P	M	Q	N	M	N	E	I	M	Q	I	L	A	E	A	T	I	P	A	A	G	T	S	G	I	-	-	N	Q	F	-	L	T	D	S	-	L	-	D	L	D	D	-	D	M	E	-	D	M	D	S	D	L	-	D	L	D	I	E	S	S	G	E	I	V	Y	A	-	M
TraesCS5A02G069500.1	-	-	-	-	-	-	-	-	-	-	-	-	-	-	-	-	-	-	-	-	-	-	-	-	-	-	-	-	-	-	-	-	-	-	-	-	-	-	-	M	-	-	-	-	-	-	-	-	-	-	E	R	G	P	-	-	-	-	A	G	T	-	L	S	D	V	P	-	-	V	M	L	D	G	D	R	Y	E	L	V	R	S	I	G	S	G	N	F	G	V	A	R	L	M	R	N	R	A	S	G	E	L	V	A	V	K	Y	I	D	R	G	E	K	-	I	D	E	N	V	Q	R	E	I	I	N	H	R	S	L	R	H	P	N	I	I	R	F	K	E	V	-	-	-	-	-	-	I	L	T	P	T	H	L	A	I	V	M	E	Y	A	S	G	G	E	L	F	D	R	I	C	T	A	G	R	F	S	V	D	E	A	R	F	F	F	Q	Q	L	I	S	G	V	S	Y	C	H	S	M	Q	V	C	H	R	D	L	K	L	E	N	T	L	L	D	G	S	T	T	P	R	L	K	I	C	D	F	G	Y	S	K	-	-	-	-	-	-	-	S	S	V	L	H	S	Q	P	K	S	T	V	G	T	P	A	Y	I	A	P	E	V	L	L	K	K	E	Y	D	G	K	-	-	-	-	-	-	-	-	-	-	-	-	-	-	I	A	D	V	W	S	C	G	V	T	L	Y	V	M	L	V	G	A	Y	P	F	E	D	P	E	N	P	K	N	F	K	M	T	I	Q	K	I	L	G	V	P	Y	S	I	P	D	Y	I	H	I	P	M	D	C	R	N	L	L	S	R	I	F	V	A	N	P	A	T	R	I	T	I	P	E	I	K	N	H	P	W	F	L	K	N	L	P	A	D	L	M	D	G	P	T	V	S	-	N	Q	Y	E	E	P	D	Q	P	M	Q	N	M	N	E	I	M	Q	I	M	A	E	A	T	I	P	A	A	G	A	L	G	I	-	-	N	K	F	-	L	P	D	G	-	L	-	D	L	D	D	-	D	M	D	-	D	L	D	S	D	L	-	D	I	D	M	D	S	S	G	E	I	V	Y	A	-	M
TraesCS5D02G081700.1	-	-	-	-	-	-	-	-	-	-	-	-	-	-	-	-	-	-	-	-	-	-	-	-	-	-	-	-	-	-	-	-	-	-	-	-	-	-	-	M	-	-	-	-	-	-	-	-	-	-	E	S	G	P	A	G	T	M	G	G	P	-	L	S	D	V	P	-	-	A	M	L	D	G	D	R	Y	E	L	V	R	S	I	G	S	G	N	F	G	V	A	R	L	M	R	N	R	A	S	G	E	L	V	A	V	K	Y	I	D	R	G	E	K	-	I	D	E	N	V	Q	R	E	I	I	N	H	R	S	L	R	H	P	N	I	I	R	F	K	E	V	-	-	-	-	-	-	I	L	T	P	T	H	L	A	I	V	M	E	Y	A	S	G	G	E	L	F	E	R	I	C	T	A	G	R	F	S	V	D	E	A	R	F	F	F	Q	Q	L	I	S	G	V	S	Y	C	H	S	M	Q	V	C	H	R	D	L	K	L	E	N	T	L	L	D	G	S	T	T	P	R	L	K	I	C	D	F	G	Y	S	K	-	-	-	-	-	-	-	S	S	V	L	H	S	Q	P	K	S	T	V	G	T	P	A	Y	I	A	P	E	V	L	L	K	K	E	Y	D	G	K	-	-	-	-	-	-	-	-	-	-	-	-	-	-	I	A	D	V	W	S	C	G	V	T	L	Y	V	M	L	V	G	A	Y	P	F	E	D	P	E	N	P	K	N	F	K	V	T	I	Q	K	I	L	G	V	Q	Y	S	I	P	D	Y	I	H	I	P	M	D	C	R	N	L	L	S	R	I	F	V	A	N	P	A	T	R	I	T	I	P	E	I	K	N	H	P	W	F	L	K	N	L	P	A	D	L	M	D	G	P	T	V	S	-	N	Q	Y	E	E	P	D	Q	P	M	Q	N	M	N	E	I	M	Q	I	M	A	E	A	T	I	P	A	A	G	A	L	G	I	-	-	N	K	F	-	L	P	D	G	-	L	-	D	L	D	D	-	D	M	D	-	D	L	D	S	D	L	-	D	I	D	M	D	S	S	G	E	I	V	Y	A	-	M
TraesCS5B02G075800.1	-	-	-	-	-	-	-	-	-	-	-	-	-	-	-	-	-	-	-	-	-	-	-	-	-	-	-	-	-	-	-	-	-	-	-	-	-	-	-	M	-	-	-	-	-	-	-	-	-	-	E	R	G	P	A	G	T	-	M	G	P	-	L	S	D	V	P	-	-	A	M	L	D	G	D	R	Y	E	L	V	R	S	I	G	S	G	N	F	G	V	A	R	L	M	R	N	R	A	S	G	E	L	V	A	V	K	Y	I	D	R	G	E	K	-	I	D	E	N	V	Q	R	E	I	I	N	H	R	S	L	R	H	P	N	I	I	R	F	K	E	V	-	-	-	-	-	-	I	L	T	P	T	H	L	A	I	V	M	E	Y	A	S	G	G	E	L	F	E	R	I	C	T	A	G	R	F	S	V	D	E	A	R	F	F	F	Q	Q	L	I	S	G	V	S	Y	C	H	S	M	Q	V	C	H	R	D	L	K	L	E	N	T	L	L	D	G	S	T	T	P	R	L	K	I	C	D	F	D	Y	S	K	-	-	-	-	-	-	-	S	S	V	L	H	S	Q	P	K	S	T	V	G	T	P	A	Y	I	A	P	E	V	L	L	K	K	E	Y	D	G	K	-	-	-	-	-	-	-	-	-	-	-	-	-	-	I	A	D	V	W	S	C	G	V	T	L	Y	V	M	L	V	G	A	Y	P	F	E	D	P	E	N	P	K	N	F	K	M	T	I	Q	K	I	L	G	V	Q	Y	S	I	P	D	Y	I	H	I	P	M	D	C	R	N	L	L	S	R	I	F	V	A	N	P	A	T	R	I	T	I	P	E	I	K	N	H	P	W	F	L	K	N	L	P	A	D	L	M	D	G	P	T	A	S	-	N	Q	Y	E	E	P	D	Q	P	M	Q	N	M	N	E	I	M	Q	I	M	A	E	A	T	I	P	A	A	G	A	L	G	I	-	-	N	K	F	-	L	P	D	G	-	L	-	D	L	D	D	-	D	M	D	-	D	L	D	S	D	L	-	D	I	D	M	D	S	S	G	E	I	V	Y	A	-	M
